batch_pred,batch_y
9.3355,9.9804945
9.996096,10.768506
8.360703,11.002116
9.34189,9.975855
10.093833,10.308986
8.802544,10.175459
8.775461,10.308986
9.908339,10.819798
8.78861,10.308986
10.210615,10.859018
8.88371,10.532123
9.873562,10.532123
8.32609,10.463132
10.032909,10.021315
9.75098,10.126671
9.884493,9.903538
9.026736,10.221977
8.745282,10.59666
9.504143,10.021315
9.952354,10.915107
9.22678,10.532123
9.323448,10.657283
8.780266,10.621157
8.439311,10.8685875
8.859513,10.818197
10.044666,10.043293
10.15014,10.275085
9.870165,10.068663
10.216145,9.811427
9.913962,10.59666
8.850033,10.325515
9.410519,11.225244
10.025261,10.463103
9.991693,10.463103
9.905048,11.082143
9.860455,11.225244
9.384588,10.714417
9.911694,10.463103
9.583682,10.463103
9.098842,10.463103
9.988241,10.463103
10.196185,10.463103
10.021425,10.463103
10.226128,11.082143
10.077418,11.082143
9.6828375,10.463103
9.818979,9.999752
9.287287,10.341775
10.112055,11.279744
9.949564,10.221977
9.247082,9.952325
9.796852,9.923339
9.494072,10.71444
9.479932,9.711176
9.790143,11.359786
10.122691,10.220376
10.018485,10.477316
9.923791,9.975855
9.910682,9.975855
9.875371,9.680407
10.050543,10.491302
9.8863945,10.043293
9.8791895,10.221977
10.199917,11.112463
8.504756,9.680407
9.247345,10.041117
10.07744,9.975855
10.35187,10.532123
10.080805,10.59666
9.509342,9.711176
9.864013,10.463132
9.872971,9.852247
9.979475,10.097779
10.253002,10.280999
8.750784,10.357775
9.89977,9.7981825
10.16919,10.280999
9.658104,9.852247
9.904857,11.279744
10.084429,10.021315
9.957137,10.308986
9.844194,9.555701
9.436618,9.82558
9.944,9.680407
10.511654,10.505095
9.544373,9.952325
9.990597,10.915107
9.374619,10.1849375
10.592939,10.819798
9.046707,10.609082
9.901625,9.998843
9.708845,10.077483
10.066976,10.165891
10.038818,10.021315
9.160635,10.913506
10.179882,9.765661
8.5103445,9.64866
10.080401,9.528867
10.080919,10.5764065
8.884601,8.922392
9.567954,10.491302
9.727042,10.511921
9.863462,10.292179
10.12169,9.615872
9.581186,9.975855
9.340175,10.71444
10.075396,10.257694
9.888049,11.462064
9.802233,10.021315
10.209007,10.434145
9.591857,9.998843
9.618673,10.341775
10.06881,10.573187
9.519912,9.7981825
9.870341,10.434145
10.0447855,10.242848
10.061076,9.82558
9.887747,10.126671
9.801867,10.0533285
8.674692,10.126671
10.498815,11.238923
9.112891,10.308986
10.075874,10.363472
10.124722,10.257694
8.235911,10.043293
10.178019,9.711176
9.925782,9.7981825
10.337463,9.510519
10.091669,9.711176
10.141,10.140337
9.316904,10.420166
8.853659,9.952325
9.927561,10.389026
9.841961,10.59666
10.178003,10.532123
9.8005495,9.741028
10.019371,9.770013
9.685204,10.747229
10.191219,10.71444
10.093684,9.82558
10.114901,10.71444
8.440543,10.064798
10.078072,10.165891
9.391053,10.71444
9.725456,10.71444
9.865927,10.532123
9.330557,9.852668
10.010094,9.7981825
10.16657,10.021315
8.851255,10.163965
9.875238,10.0533285
10.0863695,10.275085
9.931575,10.448744
10.087893,9.433564
10.08614,10.915107
9.656844,10.59666
10.02886,9.82558
10.024207,9.734891
10.0571785,10.819798
9.836195,10.2036295
10.056523,10.085851
10.180798,10.308986
9.857773,9.903538
10.098861,10.021315
10.311066,10.59666
8.825008,10.651147
10.303839,10.819798
9.599524,10.165891
9.815109,9.839003
9.607897,10.329572
10.019342,10.0533285
9.724007,10.389026
10.045423,10.463132
8.683606,10.097779
9.993027,10.915107
9.927998,10.021315
9.807432,10.645449
8.6832905,10.097779
10.135861,9.66148
8.477938,9.680407
9.9040985,9.975855
9.839119,10.71444
9.838472,10.463132
10.006136,9.903538
9.647333,10.165891
10.023708,9.952325
9.5603,10.064798
9.833923,10.657283
8.904324,10.532123
10.011677,9.510519
9.303255,10.657283
9.525568,9.711176
10.506407,11.156265
9.990622,9.765661
9.59482,10.165891
10.103631,9.998843
8.93063,10.389026
10.045346,9.952325
9.583794,10.532123
10.090021,9.510519
10.109477,9.755626
9.830828,10.308986
8.090804,9.952325
10.116465,10.59666
9.12792,10.097779
10.253517,10.463132
9.641443,10.221977
9.863588,10.559582
9.798457,10.152338
10.032434,10.07538
8.79212,9.82558
9.768682,9.952325
10.100516,10.308986
9.703651,9.686637
9.3291,10.021315
8.832702,9.952325
8.494618,9.82558
8.299004,10.021315
10.084377,10.992066
8.939465,10.434145
9.422222,10.373523
9.818368,10.239996
9.583125,10.627431
9.985606,10.126671
9.490546,9.557541
9.633772,9.615872
9.179451,9.615872
10.273724,11.434975
8.714954,10.78934
10.359989,10.463103
9.426075,9.615872
10.175689,10.888838
8.926218,9.433564
9.976482,9.770013
9.576793,9.770013
9.902166,10.72549
9.384128,9.878221
10.166836,10.72549
10.052027,10.968216
9.816304,10.532123
10.088224,10.819798
9.671659,10.558439
9.693665,11.042938
8.771009,10.819798
8.065206,11.258046
9.924086,11.289794
8.973549,10.112451
9.976404,10.915107
9.98558,11.002116
9.392329,10.237779
9.956386,10.819798
10.124869,11.082158
9.919045,10.532123
9.658148,10.532363
9.769119,9.903538
9.500139,10.532123
9.43346,10.126671
9.976968,10.59666
8.198115,10.153195
9.664715,9.9804945
10.152916,9.952325
10.458269,10.203592
9.605701,10.809748
9.915368,10.518701
9.691007,10.657283
9.786729,10.538767
8.636803,10.558439
9.559268,10.778977
10.138498,9.958023
9.721123,9.928229
8.083804,10.153195
9.222222,10.265349
9.826448,10.7987795
9.813853,10.691968
9.696362,10.571342
9.896175,9.852247
9.7101555,10.045031
8.033503,10.855937
9.711954,10.389026
9.769674,11.407576
9.966339,10.389026
9.814713,10.239996
9.916047,9.770013
10.40731,10.463132
9.787695,10.927394
9.996107,9.952325
9.884109,10.657283
9.70581,9.852247
9.419928,10.768506
10.269892,9.7981825
10.108835,10.657283
10.407562,9.952325
8.619923,10.532123
10.193256,10.389026
9.459854,10.332702
9.540398,10.165891
10.0097885,10.532123
9.484006,10.193991
9.703198,10.7987795
9.811565,9.711176
9.879757,10.389026
9.740533,9.741028
9.95067,10.907807
9.461182,10.275085
9.996689,10.249946
9.866188,10.085851
10.014987,10.819798
9.098509,10.809748
9.510691,10.357775
10.326213,10.308986
9.790817,10.448744
9.935522,10.162808
9.754435,10.628158
10.299448,10.532123
9.707716,10.357775
10.077334,10.1849375
8.412844,10.59666
10.106165,9.862718
9.858415,11.056603
10.145795,10.463132
9.925391,10.532123
9.27919,10.448744
10.157779,10.657283
9.989578,10.268166
10.228605,10.768506
9.864037,10.422311
10.062716,10.239996
10.0782585,9.472781
10.127619,10.064798
10.04595,10.1849375
9.761274,10.341775
9.806115,10.609082
10.030834,10.450481
9.766624,10.165891
10.025806,9.903538
9.954445,10.628158
9.694948,10.234265
9.703973,10.064798
9.893066,10.332702
10.004074,10.657283
9.989105,10.021315
9.786623,10.357775
9.730549,11.407576
8.763576,9.911506
9.663512,10.221977
9.9386215,10.308986
9.871055,10.064798
10.11689,10.357775
9.989666,10.043293
9.962072,10.645449
9.417763,9.975855
9.842062,10.389026
8.858591,10.419331
9.744581,10.532123
9.949552,10.126671
9.499605,10.915107
10.17262,10.297251
10.272602,10.341775
10.092094,10.657283
9.506424,10.874286
10.121605,10.221977
9.887508,10.165891
10.114798,10.463132
9.499517,10.491302
9.697657,10.71444
9.884491,10.357775
9.788315,10.491302
8.571648,9.911506
9.951752,9.757363
10.223188,9.903538
9.420621,11.042938
9.07958,10.657283
9.086939,10.657283
10.21499,10.505095
10.000696,10.085851
10.141188,10.389026
9.13871,10.959558
9.787165,10.275085
10.006978,10.221977
10.0416765,9.964159
10.063855,10.275085
10.121746,11.082158
9.700343,10.045031
9.948681,10.021315
9.952404,10.389026
8.009707,10.404293
9.624536,10.275085
10.24729,11.156265
9.343055,10.332702
9.951111,10.389026
9.469711,10.126671
9.67235,10.002473
9.41251,10.633472
9.430147,10.2036295
9.48746,10.05608
9.78161,10.463132
9.513755,10.239996
9.447588,10.2036295
10.8252735,11.002116
9.977414,10.463132
9.758137,10.532123
9.781419,10.532123
10.118301,9.536113
9.755634,10.021315
9.41523,10.234265
9.970037,10.657283
9.875735,10.308986
9.893305,10.71444
9.934683,10.1849375
9.013608,9.9804945
10.014044,10.463132
9.149114,10.818197
9.478259,10.68627
9.944722,10.239996
9.901484,9.741028
10.202713,10.085851
10.124022,9.903538
10.046741,10.308986
9.517123,10.126671
9.926456,10.221977
9.587428,10.1849375
9.756824,9.975855
10.137688,9.862718
9.681593,10.059679
9.837377,10.181157
9.804537,10.165891
9.990786,10.221977
9.840302,10.463132
9.999037,10.275085
9.916505,10.106469
10.065006,10.673619
9.745651,10.819798
10.027506,9.865318
10.03241,9.865318
10.08311,10.176601
9.3603,10.389026
9.131131,10.558439
9.641984,10.308986
9.999776,9.865318
9.705095,10.633472
9.982902,10.308986
9.853357,10.463132
8.942715,11.115443
10.156452,11.324196
9.91129,9.852247
9.8918495,9.975855
10.129209,9.755626
9.780201,9.581973
10.143501,10.043293
10.124529,9.472781
9.717463,10.221977
9.828412,10.221977
9.889063,10.165891
10.012192,9.64866
10.023017,10.1849375
10.17162,10.463132
9.90719,10.239996
9.634384,10.1849375
9.393961,10.106469
9.961385,9.903538
9.450423,10.532123
9.373936,10.199175
9.006602,10.532123
9.398796,9.711176
9.547909,10.257694
9.750784,10.819798
8.561296,10.341775
9.494612,10.532123
8.318697,10.275085
9.92891,10.221977
9.768713,10.768506
9.536961,10.819798
9.616022,10.389026
9.763012,10.221977
9.873708,10.389026
9.191695,10.106469
9.933539,10.434145
10.036662,10.448744
9.997022,9.380168
8.912989,10.221977
9.874423,10.680539
9.922785,10.146473
9.769699,10.221977
9.492228,10.2036295
9.768221,10.404293
10.176563,10.106469
9.645473,10.021315
9.424211,10.389026
9.215813,10.221977
9.365835,10.268166
10.2041,10.59666
10.332672,10.819798
9.9395275,10.419331
9.544882,10.59666
9.474442,10.021315
9.782585,10.59666
10.374025,11.002116
10.180116,10.463132
9.626755,10.2036295
10.161328,10.657283
9.962559,10.357775
10.03206,10.275085
9.076388,10.633472
9.777783,10.308986
9.57456,11.119898
9.827243,11.191356
9.175933,9.615872
9.591203,10.419331
8.464376,10.819798
9.620834,10.085851
9.438286,10.422579
8.993407,10.156229
10.007958,9.392745
10.066109,10.106469
10.150444,9.683776
9.842419,10.519889
10.150044,10.519889
9.762018,10.0299
9.883417,10.477316
10.1214075,10.491302
10.016026,10.257694
9.990292,9.896614
9.861963,10.126671
9.302411,9.787123
9.903559,10.308986
10.143666,10.71444
10.0210285,9.903538
9.83629,10.404293
10.214306,10.518701
10.032732,10.657283
9.820745,10.453082
9.446539,10.255165
10.177801,10.126671
9.931004,10.809748
9.96294,10.538767
9.993427,9.911506
10.062582,10.308986
10.017756,10.06951
9.075127,9.878221
10.076019,10.07538
10.010046,10.381243
9.004962,10.463132
9.867557,10.768506
10.003902,9.852247
10.0138445,10.308986
9.999893,9.896614
10.224698,10.071287
10.046318,10.507913
10.182345,10.423917
10.057448,10.4174185
10.241107,10.878066
9.822552,9.903538
10.154634,11.512936
9.989724,10.221977
9.569783,10.389026
9.807412,9.903538
9.886791,10.292179
9.834627,10.2036295
9.765683,9.903538
9.546172,9.89096
9.932325,9.903538
9.38525,9.903538
10.122549,9.770013
9.316087,9.852247
10.115896,9.903538
9.683256,9.998843
9.831091,9.998843
9.566477,10.2036295
9.942097,9.770013
9.957994,9.770013
9.965662,9.839003
9.70802,9.528867
9.705188,9.528867
9.591887,9.903538
9.881309,10.59666
9.898135,9.615872
10.098868,9.878221
9.883043,10.239996
9.394468,10.959558
10.105729,11.407576
9.897766,11.119898
9.776089,11.407576
9.622524,11.407576
9.6970005,11.289794
9.399988,11.191356
8.999592,11.407576
10.187611,10.419331
9.886806,11.472114
9.786662,10.915107
10.097551,11.002116
9.959095,10.8685875
9.817354,11.119898
10.047111,10.8685875
9.565605,11.608245
10.001694,10.555839
9.628029,11.379406
9.107285,11.225257
10.210584,11.407576
9.576879,11.289794
9.939321,9.729194
7.932132,10.819798
10.370127,10.645449
9.151516,10.819798
9.989288,11.320565
10.175599,10.768506
10.027361,11.156265
9.938708,11.320565
9.682366,10.703267
10.186432,11.042938
9.448164,10.59666
9.709155,11.350418
9.873267,10.915107
9.722885,10.657283
9.559248,10.59666
9.038776,11.042938
9.743693,11.191356
10.044793,10.768506
9.924228,11.156265
9.767703,10.545368
10.21195,10.308986
10.087116,11.156265
10.26724,10.819798
10.088102,11.156265
8.705861,11.002116
9.145441,10.933125
9.250683,10.268166
9.30866,10.268166
9.738716,10.308986
10.174425,10.758775
9.766064,11.060385
9.769621,11.407576
9.504351,11.002116
9.391533,11.380548
8.9990635,11.184435
9.12709,9.862718
9.807959,10.085851
9.837807,10.532123
9.814345,11.041337
9.633989,10.673619
10.634302,10.532123
10.137817,10.71444
10.101225,10.768506
10.036693,10.165891
10.098829,10.257694
10.168709,9.433564
10.214703,10.021315
10.096764,10.221977
9.754138,10.532123
9.97884,10.532123
10.00573,10.308986
9.888756,10.71444
10.203718,10.59666
9.812624,10.477316
10.192113,10.768506
9.809044,10.819798
10.187014,10.1849375
9.646757,10.532123
9.820631,10.2036295
10.153498,10.043293
10.15566,10.248884
10.031504,10.59666
9.932514,10.043293
9.816038,10.142544
9.828559,10.491302
9.610965,10.308986
10.131584,10.221977
9.913191,10.021315
10.009718,11.004114
9.8751545,10.308986
9.408894,11.258046
9.589148,11.082158
9.807718,9.964159
9.706227,11.320565
10.491329,11.042922
9.832215,11.042922
8.828209,11.379395
10.164156,11.042922
8.9467125,11.042922
9.901611,11.379395
9.783282,11.379395
10.084436,11.042922
10.038538,11.042922
10.047903,11.042922
9.94619,11.379395
9.862627,11.042922
10.195675,11.042922
9.410295,11.042922
9.941275,11.042922
10.062445,11.042922
9.862894,11.379395
9.459583,11.042922
10.077951,11.042922
9.616445,11.042922
9.576113,11.042922
9.462591,11.042922
9.843866,11.042922
10.140587,11.042922
10.401288,11.042922
10.007468,11.042922
9.896203,9.7981825
9.834181,10.389026
10.210419,11.002116
9.798242,10.085851
10.025362,10.389026
9.839989,9.770013
9.8975725,10.768506
9.902378,11.191356
10.151484,10.768506
10.242525,11.156265
10.170718,10.959558
10.164679,10.463132
10.035678,11.041337
10.212278,10.308986
10.029617,10.71444
8.839926,10.736419
8.856218,10.126671
10.194292,9.952325
10.262959,10.78934
10.076308,9.952325
9.436107,10.126671
9.5620985,10.2036295
10.045077,10.357775
10.147128,10.491302
9.348478,10.819798
9.178587,9.975855
9.803892,10.59666
9.500193,10.2036295
10.281541,10.532123
10.131573,10.389026
9.919042,10.221977
10.033598,10.768506
10.146885,9.928229
8.747052,11.225257
8.747052,11.225257
8.747052,11.225257
8.996644,11.002116
8.75509,11.002116
8.75509,11.082158
10.066852,11.002116
10.045714,10.71444
10.104738,10.71444
9.746411,10.463132
9.993665,10.463132
10.002818,11.191356
9.492805,11.350418
9.418256,10.126671
10.049267,11.097425
10.058247,10.59666
10.096703,10.292179
10.078501,10.59666
10.0989275,10.404293
10.105688,11.002116
10.16209,10.8685875
10.138355,9.615872
9.961181,9.878221
10.060219,10.768506
9.695365,9.615872
10.012328,10.463132
10.073788,10.389026
10.110734,10.768506
10.092299,10.59666
10.142054,11.472114
9.756283,10.257694
10.034905,10.950824
10.022324,11.097425
9.063633,10.532123
10.038502,11.191356
9.840265,11.790565
10.076763,9.975855
9.638648,11.191356
10.223501,10.819798
10.077158,10.308986
10.03712,10.199175
10.114727,10.064798
10.1119795,10.518701
10.102865,10.768506
9.932053,10.819798
9.978554,11.338584
9.984441,11.338584
10.128542,10.404293
9.611753,10.571342
9.945177,10.59666
10.231322,10.71444
9.779048,11.338584
9.87402,11.082158
10.094143,11.002116
9.86195,10.874286
10.093941,11.042938
10.069087,10.165891
8.641857,10.819798
10.118011,10.404293
9.963753,11.042938
9.995399,10.819798
9.300807,10.71444
9.96031,10.126671
9.600386,9.903538
10.062141,10.126671
9.789286,10.126671
9.330797,11.512936
9.93305,10.165891
9.685486,10.308986
10.262309,10.768506
9.752097,10.8685875
9.677345,10.389026
9.675013,10.389026
9.828258,10.71444
9.119867,10.657283
9.806107,10.59666
9.391381,10.8685875
10.153732,10.59666
10.046145,11.002116
9.831167,10.819798
10.09556,10.645449
10.164076,10.915107
10.013896,10.463132
10.053161,10.59666
10.082955,10.389026
10.078839,10.021315
10.1208515,10.404293
10.0186615,10.819798
9.916711,10.357775
10.13805,10.538767
10.016461,11.082158
9.083771,11.042938
9.445976,10.126671
10.161957,10.915107
10.033975,11.002116
9.8316765,10.59666
9.907116,10.463132
10.036294,10.021315
9.66883,10.463132
9.759912,10.915107
9.764579,10.896758
9.811975,10.71444
10.29318,10.532123
9.986075,10.778977
10.201376,10.530521
9.524434,10.736419
9.496979,10.389026
9.887393,10.915107
9.992213,10.221977
10.298861,10.275085
9.496635,10.165891
9.82066,10.389026
10.040085,10.450481
9.610073,10.768506
9.075414,11.002116
9.886694,10.915107
10.116469,10.768506
9.814707,10.532123
9.952982,10.8685875
9.553644,11.082158
10.493538,9.903538
10.0085945,9.903538
9.775816,10.819798
9.919073,10.463132
10.112286,10.221977
9.559194,9.952325
9.947633,10.106469
9.757746,10.448744
9.648279,10.463132
10.121322,10.300954
9.991792,11.225257
10.067825,11.340012
10.145119,10.758775
10.135889,10.373523
9.754244,10.915107
9.965281,10.234265
10.193219,10.434145
10.074877,10.268166
9.955901,10.463132
9.799374,10.1849375
9.247034,11.14031
8.900214,11.104972
9.846725,10.463132
10.698445,10.959558
10.001814,10.393325
9.56276,10.156229
9.725153,10.71444
9.913541,10.915107
9.680438,11.289794
10.054615,10.8685875
9.700849,10.464274
10.048266,9.998843
10.152876,10.819798
9.979853,11.082158
10.325303,10.463132
9.756191,10.609082
10.333733,10.59666
9.411857,10.389026
10.117785,10.450481
9.96802,10.221977
9.69153,10.239996
10.046089,10.532123
10.358171,10.463132
9.513747,10.71444
9.816001,10.959558
9.737059,10.915107
9.815155,10.59666
9.421364,10.915107
10.186855,10.657283
10.030835,10.357775
9.762047,10.463132
10.430908,9.82558
10.0412445,10.532123
10.236011,10.959558
10.1470175,10.758775
10.168108,11.184435
9.844437,9.998843
9.256157,10.915107
9.551429,10.532123
10.009695,10.787503
10.18891,10.59666
10.059343,10.657283
9.808134,10.532123
10.013805,10.71444
9.941704,10.8685875
9.778603,10.505095
9.603024,9.975855
9.938761,10.961295
10.249605,10.47788
9.9549675,11.082128
9.552294,10.389026
9.712487,10.463132
9.891506,10.463132
10.3518505,10.257694
9.83088,10.404293
9.922829,10.71444
9.808117,11.042938
9.875468,10.819798
9.711767,10.146473
9.948195,11.082158
10.007942,10.325515
9.696925,10.463132
9.761089,10.8685875
10.14032,10.308986
9.546107,10.021315
9.949832,10.043293
9.26418,10.59666
9.355873,11.082158
10.067945,10.59666
10.128527,10.221977
9.893967,10.915107
10.151055,10.71444
9.961546,10.59666
9.895154,11.407576
9.579318,10.021315
9.805124,10.609082
10.053227,11.184435
10.015242,10.657283
9.604445,10.532123
9.563516,10.959558
9.743116,9.7981825
9.516628,10.691968
10.140021,10.651147
9.907615,10.12507
10.020016,10.450481
9.707457,10.419331
9.272362,11.002116
9.312647,10.71444
10.156516,10.558439
9.933896,10.532123
10.115576,10.532123
10.275871,10.239996
10.081795,10.126671
10.12701,10.555839
10.221773,10.71444
9.648199,10.896758
9.860669,10.251359
9.402031,9.433564
10.155104,10.571342
10.005354,9.546884
9.999989,10.657283
9.38551,9.839003
10.250989,10.2036295
9.951897,10.373523
10.266533,10.325515
10.073597,10.165891
10.134035,10.085851
10.2938385,10.2036295
9.910736,10.657283
9.96549,10.532123
9.610422,10.915107
9.429668,10.71444
10.244004,9.903538
8.692522,9.975855
10.169131,10.221977
9.968328,10.8685875
9.896296,11.512936
9.76102,9.839003
9.5307045,9.839003
9.262482,10.165891
9.977923,10.68627
10.169125,10.59666
9.602518,11.225257
9.605143,11.320565
10.019753,10.8685875
9.314945,10.71444
9.752266,10.59666
9.751387,10.959558
9.76801,10.849357
10.243033,10.146473
10.153392,10.308986
9.78778,10.959558
9.890453,11.512936
9.724535,10.021315
9.58091,10.657283
10.053802,10.703267
10.206943,10.819798
9.976955,10.657283
10.143756,10.085851
10.238367,11.002116
9.91428,10.819798
9.744472,11.082158
9.941349,10.71444
10.149506,10.532123
9.974006,10.71444
10.003181,11.002116
9.375657,10.146473
9.984956,10.463132
9.390586,10.389026
8.692686,9.998843
8.799442,10.2036295
10.230555,10.532123
10.171475,10.633472
10.300228,10.645449
9.92509,10.463132
10.046463,11.115443
9.877274,10.819798
10.182304,10.373523
10.116298,10.959558
10.371332,9.573316
10.289919,9.528867
10.11306,10.448744
9.845526,10.064798
10.02941,11.119898
9.450449,9.852247
10.03342,9.975855
9.76993,9.903538
10.276121,9.928229
9.720102,9.7981825
10.016127,10.8685875
9.949366,11.002116
10.006449,10.463132
10.325441,10.657283
10.304573,10.165891
9.720576,10.532123
10.064173,10.308986
9.995994,10.156229
9.773371,10.389026
9.372686,10.389026
10.195581,10.389026
10.057241,9.852247
10.073457,9.878221
10.084324,10.463132
9.719921,10.275085
9.862849,11.289794
9.6743355,10.8685875
10.040949,9.881804
10.017161,9.975855
9.740887,10.275085
10.223122,10.915107
10.087702,10.657283
10.031744,11.002116
9.724949,10.308986
10.035978,10.809748
9.999949,10.59666
10.537535,11.002116
10.25701,10.607896
9.964099,10.505095
10.277632,9.573316
10.08701,9.528867
10.208478,11.082158
10.211344,9.615872
9.958372,9.852247
9.845993,10.221941
10.361331,10.455964
9.335172,10.59666
9.374732,10.657283
9.065947,10.308986
9.597887,10.239996
9.587959,11.042938
9.815148,9.998843
9.988433,9.82558
9.653041,10.389026
10.079756,10.308986
10.071523,10.463132
9.966597,10.308986
9.54834,11.002116
9.784572,10.768506
9.827256,10.165891
10.133846,10.146473
10.183971,10.021315
10.123638,9.7981825
10.132054,10.357775
9.883552,11.225257
10.150276,10.59666
10.145781,11.002116
9.915458,9.680407
9.999533,9.878221
10.109177,9.878221
9.668095,10.915107
9.486328,10.8685875
10.089073,9.975855
9.266741,9.878221
9.768393,9.928229
9.690529,9.998843
10.512176,9.7981825
10.107798,9.998843
10.02944,9.770013
9.759657,10.126671
9.470626,9.6959095
10.180191,10.1849375
9.897707,9.975855
10.026835,10.126671
10.178542,10.021315
9.972733,9.7981825
10.364602,10.463132
10.047707,9.741028
9.8388195,10.373523
9.826709,10.126671
9.90873,10.2036295
10.141029,9.7981825
9.94585,9.806481
9.636332,11.082158
9.692063,9.975855
9.965372,10.126671
9.603033,10.325515
10.345855,9.680407
10.139761,10.2036295
10.099342,10.043293
8.69748,9.852247
10.059657,9.7981825
9.995008,9.878221
10.047143,10.021315
10.153858,10.064798
10.100946,9.680407
9.341966,9.680407
8.701132,9.711176
8.706757,9.680407
9.819972,9.510519
8.565603,9.7981825
9.980026,10.389026
10.079216,9.741028
9.141228,9.975855
9.992153,10.419331
9.161442,9.7981825
9.526979,10.043293
9.171865,10.126671
9.465198,10.165891
9.468292,10.389026
9.892093,9.711176
10.098101,9.64866
9.180254,10.085851
10.057817,10.07116
10.193278,10.308986
9.821295,10.085851
10.058924,9.4697
9.627275,10.341775
10.053053,10.389026
9.334906,10.126671
9.952998,9.64866
8.638409,10.126671
8.35136,9.711176
8.674295,9.64866
9.4001665,9.711176
10.104767,10.463132
9.229542,9.680407
8.92818,9.770013
9.512495,9.903538
9.029364,9.581973
9.0740795,10.064798
8.937073,9.998843
10.043268,9.4697
10.041432,9.862718
9.684196,10.1849375
10.047316,9.4697
10.033685,9.4697
9.363406,9.928229
8.836866,10.021315
9.158036,10.292179
9.832846,10.221977
8.682379,9.581973
9.439964,9.903538
8.666262,9.60245
9.117659,10.59666
9.911662,10.126671
9.990353,10.085851
9.050215,9.928229
9.405877,9.64866
9.635296,9.7981825
9.937852,10.021315
9.58721,9.770013
9.579182,10.126671
10.52547,10.505095
9.761122,9.852247
9.828964,10.657283
9.406185,10.463132
10.057327,9.903538
9.6532955,10.126671
10.204333,10.221977
9.8435755,9.975855
9.813559,9.903538
10.00503,9.903538
9.830503,10.085851
10.052434,10.221977
9.81866,10.463132
8.969376,10.126671
9.43127,9.541154
9.907573,9.784197
9.754908,9.903538
10.066394,10.221977
9.742247,9.680407
9.358266,9.852247
9.442816,9.903538
8.80472,10.165891
10.019668,10.71444
9.713241,11.119898
9.589436,10.221977
9.896169,10.357775
9.799162,10.373523
10.027389,10.064798
10.191315,9.903538
9.897074,10.59666
9.8833475,10.463132
9.996494,10.152026
10.259176,10.221977
10.181016,10.126671
10.092756,9.546884
10.2703905,9.510519
10.178564,9.546884
9.780371,10.419331
10.257254,9.878221
10.086379,10.571342
10.1230545,9.546884
9.829531,9.554001
10.194236,10.021315
9.843851,9.546884
10.145238,11.407576
9.99663,9.928229
9.464609,10.239996
10.194937,10.389026
10.472653,11.1947975
9.897776,11.248973
9.583737,11.042938
9.929136,10.915107
9.989413,10.657283
9.949201,9.928229
10.158112,10.532123
10.034182,10.915107
10.18984,10.59666
10.216827,10.71444
10.163971,9.755626
10.157013,10.221977
9.509037,9.680407
9.993107,10.021315
9.522303,10.308986
10.159902,10.71444
10.184227,10.8685875
10.255653,9.7981825
10.383137,10.959558
10.035145,10.126671
10.360155,9.7981825
10.174736,10.126671
10.06629,9.770013
10.134363,9.770013
9.838494,10.668979
9.999399,9.903538
9.986705,9.770013
10.095558,10.357775
10.113723,10.463132
10.062305,9.793729
10.286696,9.928229
9.994111,11.002116
9.88088,10.021315
10.183971,9.711176
10.075404,10.768506
9.977461,10.768506
9.935234,10.71444
9.520093,10.59666
9.607278,9.964159
10.1543045,9.680407
10.027335,10.558439
9.46026,9.711176
9.724638,10.59666
9.862159,10.373523
9.501401,10.292179
9.402584,11.191356
9.969919,9.852247
10.284793,10.558439
10.083322,10.126671
9.8105545,10.657283
10.151938,10.450481
10.237843,10.165891
9.107052,9.987415
9.107052,10.021315
10.302464,9.615872
9.881417,10.477316
9.995392,10.71444
10.164967,10.657283
8.621651,10.275085
10.427296,10.463132
9.2908535,10.518701
9.738328,10.165891
9.907873,9.392745
10.118912,10.341775
10.0632,10.116621
9.483794,10.126671
9.99633,9.639587
10.012695,10.389026
10.151147,10.221977
9.88332,10.2036295
10.036928,10.292179
9.735725,10.308986
10.22286,10.165891
10.181484,10.028224
10.1887665,9.911506
9.875771,9.711176
9.952694,11.119898
8.700537,10.915107
9.925979,9.998843
9.538786,9.584314
10.04003,10.2036295
10.03578,11.156265
10.074924,9.615872
9.912165,10.71444
9.986849,9.952325
10.514715,10.239996
10.106193,10.221977
10.128676,9.564583
10.256725,10.532123
10.137684,9.862718
10.053127,10.71444
10.159115,10.239996
10.035216,10.341775
10.077221,9.928229
9.942647,9.541154
9.853408,9.575053
9.76914,10.59666
9.855293,9.371694
10.060858,9.770013
10.394398,10.59666
9.843566,10.043293
9.624987,10.308986
10.012543,9.998843
9.92044,10.532123
9.67203,9.852247
10.314011,9.7981825
9.889517,10.308986
10.061607,10.126671
9.922581,10.59666
10.175032,10.357775
10.125406,9.998843
10.110259,9.592264
9.748064,10.59666
10.029584,9.519515
10.1525545,10.126671
9.635465,10.021315
9.900694,10.819798
10.271429,10.532123
9.999263,10.558439
10.155167,9.506065
9.447803,9.770013
10.051368,10.915107
10.032362,10.463132
9.7997465,10.021315
10.074436,10.555839
10.1119795,10.532123
10.072516,10.335173
10.174648,9.506065
10.0623665,10.308986
10.0498295,10.498222
9.870734,9.639587
9.640692,10.657283
9.8656,10.275085
9.973206,10.532123
10.311663,9.928229
9.406968,10.59666
9.846169,10.393325
9.36639,10.59666
9.696005,9.159152
9.891516,10.165891
9.08868,9.998843
9.909015,10.768506
9.4705715,11.002116
9.8224125,10.959558
9.440506,10.221977
9.22427,10.874286
9.876781,10.064798
10.040289,9.615672
9.508999,11.350418
10.2100935,10.819798
9.546293,11.002116
9.517479,10.308986
10.231886,10.463132
10.095133,11.512936
9.662892,10.463132
9.9712925,10.532123
10.185038,10.839601
9.79241,10.768506
10.088999,9.770013
9.951914,10.325515
9.787115,10.768506
9.968612,10.657283
9.759966,10.657283
9.981439,10.221977
9.943717,10.389026
9.498848,10.085851
9.621013,10.146473
9.607374,10.308986
10.37183,10.308986
10.123224,10.389026
10.1942005,10.976799
9.90574,9.615872
10.288113,9.615872
9.313919,10.308986
9.869983,10.021315
8.801579,11.002116
8.823897,11.002116
9.440622,10.165891
9.335511,9.903538
9.57994,10.389026
9.221663,10.308986
9.60518,10.59666
9.696379,9.852247
10.034745,10.043293
9.733553,9.7981825
9.618773,10.021315
10.028579,10.116621
10.057415,10.491302
8.94824,10.045031
10.195679,10.78934
9.417809,10.308986
9.827237,10.463132
10.220543,10.59666
10.330338,10.621352
9.865645,9.64866
10.352233,10.621352
10.041237,9.952325
10.095997,10.308986
10.062829,10.571342
10.23246,10.434145
10.081687,10.59666
10.307525,9.998843
10.069401,10.8685875
9.210728,11.042938
9.945844,10.221977
9.62961,10.72549
9.342396,9.462266
9.791907,9.670357
9.769894,9.4697
10.064692,9.82558
10.5198765,9.952325
9.203666,10.389026
9.26123,11.002116
9.917159,10.819798
10.096144,9.741028
10.120934,10.268166
9.882498,10.768506
10.166774,10.021315
10.165992,10.404293
10.331844,11.042938
10.125884,9.952325
9.33451,10.532123
9.565356,9.210441
9.431095,10.657283
9.885093,10.389026
10.06821,9.952325
9.930621,11.233225
9.5528965,10.1849375
10.287091,10.389026
10.525662,9.615872
9.451098,10.146473
9.75848,10.71444
9.282286,11.350418
9.06929,10.043293
10.191135,10.71444
9.975764,10.1849375
9.9332485,9.9804945
10.066161,9.770013
10.026079,11.277216
9.717973,9.611664
9.85619,9.546884
9.228781,10.308986
9.605056,9.952325
10.163279,10.308986
9.46184,10.915107
9.550188,9.952325
9.941165,9.692828
9.8252735,9.564232
9.381607,9.852247
9.125399,10.221977
10.180853,10.341775
9.251686,10.1849375
10.096351,10.221977
8.517721,10.463103
10.083336,10.043293
10.085479,10.043293
9.979892,10.389026
10.076208,10.532123
9.981042,10.275085
9.358231,10.126671
9.994131,10.389026
10.041815,9.82558
10.040976,10.085851
8.560693,11.338584
9.816761,10.463132
10.111106,10.2036295
9.97989,10.165891
10.109472,11.060385
9.753417,11.350418
10.224298,10.59666
10.068994,9.7981825
9.956415,11.350418
9.958868,9.82558
9.901069,10.463132
10.059216,10.2036295
10.049118,10.532123
9.861598,10.915107
10.015984,10.491302
9.355274,10.057452
9.866856,10.71444
10.0886345,11.350418
9.192743,10.961295
9.06908,10.657283
9.916109,10.085851
10.101065,10.12507
9.94289,10.021315
9.8606205,11.225257
9.983388,10.199175
9.381731,10.532123
10.206069,10.021315
9.985857,10.419331
10.328695,10.064798
10.074726,11.248973
9.965446,10.106469
10.086527,10.373523
9.604127,10.657283
10.013726,11.289794
9.6025715,9.7981825
10.034142,10.915107
9.347627,10.463132
9.962633,10.106469
9.487398,10.915107
9.219944,10.8685875
9.9838505,10.768506
10.334578,10.915107
10.004654,10.389026
10.234309,10.959558
10.240676,9.639587
9.973066,10.221977
10.150245,11.086456
9.928939,10.633472
9.928696,10.332702
9.976988,10.308986
9.315348,10.819798
10.127925,10.341775
10.160398,9.903538
10.050011,9.7981825
9.665602,10.1849375
9.888185,10.7987795
9.758158,10.657283
10.203239,10.341775
10.474657,10.357775
9.564631,10.021315
9.701254,10.308986
9.904911,11.184435
9.962357,10.71444
9.687052,10.657283
10.101098,9.82558
9.00473,10.768506
10.087906,10.463132
9.187784,10.71444
9.274453,10.126671
10.215231,9.64866
10.077016,9.680407
10.299433,9.741028
10.059128,9.998843
9.817167,10.532123
10.058337,9.952325
9.970607,9.82558
9.923162,9.800845
9.248877,10.768506
9.997001,10.558439
9.307175,11.320565
9.365336,10.645449
9.7331085,10.257694
10.160328,10.717103
9.169983,10.915107
9.80829,10.59666
10.130226,10.085851
10.462749,10.308986
10.199144,10.005412
10.3711405,10.389026
10.102115,11.225257
10.050343,9.878221
9.897308,10.874286
10.3152,10.457401
9.9722,10.308986
10.018969,10.308986
10.015238,9.770013
10.043463,9.770013
9.850878,9.6959095
10.005152,10.085851
10.265621,10.457401
9.801359,11.082158
9.84137,10.221977
9.898715,10.532123
9.348755,10.463103
10.254289,10.71444
10.15923,9.928229
10.334905,10.221977
9.885044,10.463132
9.530365,10.308986
10.194286,9.770013
10.022698,9.82558
10.305132,10.71444
10.270877,10.341775
10.327312,10.688051
9.539492,10.59666
9.956009,9.82558
10.094259,10.275085
9.792732,9.770013
9.960786,10.275085
9.62488,9.729194
10.128508,10.389026
10.217985,9.903538
10.190694,10.389026
10.1131935,9.82558
9.932571,9.705097
9.685061,10.545368
9.959133,9.729194
10.197494,10.126671
10.115358,10.768506
10.24398,10.71444
9.780796,10.221977
9.65954,10.819798
10.089637,10.021315
9.7367935,9.392745
9.952364,10.434145
10.385142,10.657283
9.791913,10.106469
10.231673,10.404293
10.31579,10.021315
10.093327,9.700208
9.818585,9.541154
10.124962,10.308986
9.748854,10.085851
10.171519,10.357775
10.180855,9.852247
10.135443,9.7981825
10.1294775,9.878221
9.941094,11.156265
10.117981,10.474495
9.727088,10.532123
10.042258,11.407576
10.038759,9.741028
10.105243,9.852247
10.466217,10.085851
10.174715,10.463132
10.730774,10.085851
9.681239,10.59666
9.474507,10.126671
10.13,9.711176
9.559632,10.540091
10.098634,10.474495
10.117981,10.474495
10.468439,10.126671
10.204404,10.463132
9.941788,10.59666
9.9592705,10.463132
10.532627,10.239996
10.094538,10.126671
10.104777,10.126671
10.14889,10.308986
9.657061,9.575053
9.763727,9.729194
9.26694,9.575053
10.285074,10.292179
10.207892,10.491302
9.783234,11.407576
9.815629,9.65509
10.17086,10.308986
10.020548,10.165891
10.09243,10.221977
10.016439,9.852247
9.724641,9.928229
10.316227,10.571342
9.743382,9.64866
10.297739,10.747229
10.086653,10.71444
10.557624,11.366755
9.861175,10.404293
9.655979,10.434145
9.347692,10.370393
10.275274,10.045031
10.10375,11.042938
9.866868,10.59666
10.06143,10.59666
9.94769,10.021315
8.723938,9.975855
9.030459,9.852247
9.745955,10.59666
10.156767,11.472114
10.35865,10.126671
10.131981,10.491302
10.083084,11.496806
9.65927,10.126671
10.158082,11.512936
9.918566,10.213285
9.468355,10.20474
10.26275,10.385173
10.112196,11.041337
9.794697,10.308986
10.184727,9.903538
10.451038,11.184435
10.127991,10.126671
10.066616,11.512936
10.039917,10.422311
10.015333,10.457401
9.936576,9.3843775
10.142124,10.225607
10.126278,8.722417
10.127689,9.575053
9.99186,10.268166
9.11634,10.457401
9.139975,10.457401
10.398106,10.257694
10.3664055,10.027473
10.099258,9.680407
10.088663,10.280999
9.92653,9.575053
9.592815,9.399058
9.966186,9.542302
9.766739,9.093919
9.901151,10.901948
10.086765,9.66396
9.892475,9.621721
10.118187,10.23351
9.776559,10.917812
10.16803,11.082158
9.674877,10.23351
10.285612,11.082158
10.271221,11.002116
9.725235,10.23351
9.525799,8.786762
9.468177,10.23351
9.518488,10.23351
10.369825,10.010366
9.704599,10.714973
10.059486,10.23351
8.1028,10.748776
9.725292,10.169767
10.099781,9.597913
9.832863,9.71764
10.157086,9.71764
10.334354,11.0260935
9.152311,10.457401
10.023066,9.583076
10.063791,9.406976
10.183195,10.754236
10.055077,9.583076
10.045542,9.2680435
10.064969,9.490167
10.022776,9.537844
10.063675,10.268166
9.714951,10.385944
10.402085,10.23351
9.890177,10.126671
10.163865,10.260008
9.966081,10.389026
9.262892,10.545368
10.497382,9.741028
10.168753,9.998843
10.307764,10.915107
10.107742,10.463132
10.023449,10.915107
10.311635,10.915107
10.304138,10.021315
10.6042,9.606765
9.465445,11.320565
10.4591675,11.289794
10.218797,11.289794
10.25535,11.289794
9.811711,11.407576
10.791625,11.512936
10.105026,11.472114
8.982098,11.472114
10.246264,11.502885
10.258666,11.472114
10.146896,11.082158
10.115292,11.082158
9.744283,10.71444
9.824124,11.512936
10.221697,11.225257
10.180231,11.338584
9.981993,11.338584
10.16318,11.338584
10.197093,11.472114
9.726642,11.320565
9.8842535,11.407576
9.674769,10.915107
10.078772,10.768506
10.180634,11.407576
10.074514,11.156265
9.8704815,11.305299
9.731247,11.350418
9.850952,11.320565
9.549558,11.264477
10.344833,11.264477
9.439827,11.264477
9.458479,11.248973
10.211542,11.156265
10.139695,11.156265
10.228106,11.156265
10.175028,11.225257
10.164505,11.184435
10.021388,11.209127
10.480092,10.819798
9.078993,11.191356
8.860357,11.082158
9.589964,11.225257
9.433369,11.082158
10.098748,11.184435
10.065075,11.184435
10.02915,11.097425
10.163785,11.050906
9.847439,11.156265
9.511495,11.156265
10.579468,10.819798
10.0310545,11.082158
9.757246,11.156265
9.211401,10.915107
9.405344,11.119898
10.470669,11.002116
10.332752,11.082158
9.432266,11.082158
9.944653,10.71444
9.806341,10.819798
9.818399,10.819798
9.9447365,10.71444
10.319027,11.273665
10.125981,11.248973
9.68096,11.0023
10.242004,11.050906
8.799826,11.042938
8.563185,11.002116
9.989438,11.002116
10.493598,10.959558
9.697166,11.082158
9.574259,10.959558
10.349976,11.002116
9.619683,10.8685875
10.18699,10.959558
9.079638,10.915107
9.157792,10.915107
10.07464,10.849357
10.099937,11.002116
10.08311,10.71444
10.146371,10.819798
10.003769,10.896758
10.378155,10.915107
9.910683,10.959558
9.380569,10.8685875
9.941555,10.915107
9.699595,10.59666
10.300424,10.959558
9.337924,10.819798
10.091581,10.915107
10.223863,10.915107
9.3732605,10.819798
10.182987,10.959558
10.04293,10.959558
9.605623,10.8685875
9.81442,10.959558
10.063566,10.434145
10.1043215,11.002116
10.0079565,10.915107
10.1802845,11.115443
9.42539,10.874286
10.20321,11.086456
10.154598,10.736419
10.2241535,10.819798
9.702216,10.8685875
9.7511425,10.8685875
10.426679,10.819798
10.439195,10.915107
9.656069,10.819798
10.097393,10.768506
9.966154,10.768506
10.138953,10.915107
9.324585,10.915107
8.80538,10.819798
10.002656,10.819798
10.276158,10.915107
10.491831,10.819798
9.596943,10.819798
10.41505,10.221977
10.045016,10.419331
9.654745,10.8685875
10.112354,10.819798
9.785268,10.325515
10.075342,10.827766
9.927433,10.78934
10.4397135,10.680539
9.482854,10.989876
9.542183,10.609082
10.113485,10.819798
10.278177,10.71444
10.162104,10.657283
10.1238785,10.308986
10.229855,10.558439
9.556074,10.819798
10.138436,10.532123
10.144461,10.59666
10.370351,10.768506
10.35179,10.691968
10.022658,10.71444
9.965834,10.691968
10.096437,10.819798
10.202735,10.463132
10.204108,10.463132
9.205877,10.532123
10.45671,10.71444
9.434237,10.657283
10.331958,10.799596
10.662689,10.819798
9.796327,10.1849375
9.76427,10.1849375
10.170523,10.477316
10.519182,10.768506
10.13484,10.71444
9.512907,10.71444
9.802377,10.126671
10.259671,10.768506
9.6453495,10.936975
10.107499,10.747229
10.027727,10.357775
9.818722,10.680539
10.149895,10.59666
9.326342,10.657283
9.555516,10.657283
10.055229,10.59666
9.205742,10.59666
10.24319,10.59666
10.136656,10.71444
9.689831,10.71444
10.221735,10.59666
10.014495,10.511921
9.034206,10.59666
9.635376,10.59666
9.970914,10.532123
10.217333,10.657283
9.569801,10.657283
10.147831,10.768506
9.414235,10.59666
10.445138,10.71444
10.030061,10.59666
10.056951,10.59666
10.06957,10.59666
9.029809,10.532123
9.648641,10.71444
9.957836,10.657283
10.194074,10.633472
9.990091,10.021315
9.990697,10.532123
10.2090845,10.657283
9.753643,10.657283
10.0982685,10.126671
10.289671,10.7232895
10.144149,10.657283
10.091395,10.385944
10.093115,10.59666
9.333113,10.59666
9.347315,10.657283
9.951162,10.59666
10.0973625,10.657283
10.446309,10.532123
10.116473,9.472781
9.918443,10.657283
10.048277,10.59666
10.053872,10.59666
10.216364,10.657283
10.396008,10.633472
9.934974,10.558439
9.744065,10.633472
9.447363,10.633472
10.087557,10.571342
9.952274,10.80033
10.085947,10.558439
9.7769165,10.518701
10.187979,10.673619
10.365297,10.778977
10.375954,10.491302
8.188795,10.621352
9.739561,10.558439
10.157172,10.657283
9.829341,10.558439
10.357004,10.735636
10.118083,10.463132
9.7070675,10.463132
10.0525675,10.532123
9.904515,10.532123
10.174721,10.571342
9.572209,10.463132
10.286437,10.532123
9.917658,10.59666
10.236311,10.463132
9.349344,10.463132
10.059475,10.463132
9.41556,10.463132
9.981559,10.389026
10.084713,10.59666
10.0948715,10.532123
9.967049,10.463132
9.766294,10.463132
10.345503,9.903538
9.694086,10.59666
9.372609,10.59666
9.409371,10.463132
10.232512,10.463132
10.438746,10.463132
10.050802,10.59666
10.081325,10.532123
9.979353,10.389026
10.0157795,10.463132
10.268361,10.59666
9.739801,10.505095
9.1012335,10.389026
9.769854,9.903538
10.035505,9.903538
10.252272,10.532123
10.119541,10.308986
9.945737,10.59666
8.779648,10.308986
10.046314,9.903538
9.633481,10.463132
9.477457,10.463132
10.074483,10.448744
10.00774,10.505095
9.610811,10.505095
10.037841,10.545368
10.0957155,10.545368
9.995728,10.545368
9.053627,10.463132
9.43307,10.477316
10.184288,10.66693
10.243943,10.419331
10.101477,10.477316
9.504658,10.491302
9.466709,10.491302
9.438097,10.488743
10.079493,10.648871
9.499372,10.648871
10.073765,10.648871
9.376628,10.648871
10.0090065,10.463132
10.142549,10.434145
10.09741,10.404293
9.763512,10.338544
10.147072,10.491302
9.546104,10.325515
9.834546,10.404293
10.080917,10.463132
10.138596,10.657283
10.104603,10.275085
9.803225,11.082158
10.203749,10.434145
9.992682,10.768506
9.75858,10.308986
9.570044,9.975855
10.197692,10.463132
10.128366,10.463132
10.047933,9.546884
10.205351,9.510519
9.782756,11.002116
10.109009,10.59666
10.083758,10.308986
9.96659,9.546884
9.816826,10.389026
10.697432,11.002116
9.74358,10.1849375
10.062094,10.463132
10.227642,10.389026
9.688036,11.289794
10.144724,11.225257
9.756514,10.021315
9.087656,9.862718
10.265567,10.71444
9.631455,10.389026
9.643831,10.389026
10.057277,10.448744
9.838343,10.463132
9.848256,10.419331
10.412104,10.389026
9.710406,10.389026
9.318633,10.308986
8.713521,10.419331
10.013416,10.389026
10.38129,10.463132
9.912304,10.239996
9.9949465,10.389026
10.05765,10.463132
10.244125,10.463132
9.88858,10.292179
9.941702,10.463132
10.138428,10.463132
10.070946,10.463132
9.732516,10.389026
9.876595,10.389026
10.047998,10.389026
10.072443,10.308986
9.281132,10.389026
9.920465,10.292179
10.181422,10.308986
9.406803,10.308986
9.630686,10.308986
9.875647,10.389026
10.09709,10.308986
10.081856,10.434145
10.197545,10.389026
9.810635,10.389026
9.105803,10.389026
8.740896,10.389026
9.55013,10.289973
9.755089,10.389026
9.520292,10.389026
9.454874,10.308986
10.165192,10.463132
10.029299,10.308986
9.736024,10.1849375
9.827007,10.389026
10.136602,10.463132
10.052988,10.373523
10.17156,10.275085
9.827705,10.434145
9.868866,10.434145
9.834292,10.357775
10.002634,10.357775
9.988367,10.357775
9.925379,10.275085
9.935692,10.308986
9.869827,10.165891
9.518378,10.126671
10.089582,10.308986
9.99318,10.1849375
9.539118,10.221977
10.140224,10.221977
9.426921,10.308986
9.782171,10.221977
9.840935,10.308986
9.755718,10.308986
9.9490385,10.308986
10.190637,10.275085
9.980862,10.239996
9.714188,10.318045
10.103066,10.165891
10.177467,10.1849375
9.748997,10.146473
10.013647,10.1849375
10.013262,10.239996
9.956808,10.1849375
10.0588665,10.221977
10.020266,10.239996
9.689533,10.434145
10.086351,10.2036295
10.069792,10.1849375
10.163097,10.165891
10.059705,10.165891
10.144022,10.126671
9.402048,10.146473
10.017475,10.064798
9.746916,10.2036295
9.531813,10.146473
9.4391,10.165891
10.102007,10.126671
9.797052,10.126671
10.207076,10.064798
9.935964,10.085851
10.2844715,10.043293
10.028595,10.126671
9.476004,10.064798
10.023361,9.770013
10.012201,9.770013
9.780224,9.964159
9.742188,9.839003
9.895571,10.021315
9.751951,10.021315
10.086422,10.126671
9.73456,10.126671
9.821493,9.903538
10.248104,10.126671
10.019801,10.126671
10.043027,10.308986
10.080131,10.126671
9.024988,10.021315
9.7328205,9.852247
10.366132,10.021315
9.495205,10.021315
9.193518,10.126671
9.972318,10.021315
10.109808,10.021315
10.344719,10.043293
9.488207,10.021315
9.833853,10.021315
9.7372465,10.064798
9.717703,10.021315
10.195911,10.021315
9.979115,9.770013
9.9365425,10.064798
9.971547,10.085851
9.665449,9.998843
10.097773,9.998843
10.204894,10.085851
9.299907,9.7981825
9.645006,9.7981825
10.193089,9.998843
10.151845,10.021315
10.163155,10.043293
9.432637,9.7981825
9.974709,10.085851
9.8960085,9.729194
9.82885,10.064798
9.438709,9.7981825
9.883716,10.05608
9.003387,9.975855
10.048743,9.921131
9.993976,9.770013
10.129611,9.952325
9.454466,9.952325
9.451854,9.952325
9.363374,10.021315
9.525362,9.998843
9.720851,9.903538
9.783481,9.878221
9.73192,9.615872
9.757702,9.615872
9.9953165,9.903538
9.9418545,9.998843
8.756602,9.903538
10.010725,9.878221
9.714153,9.928229
9.929787,9.952325
9.42054,9.952325
9.959849,9.952325
10.083389,9.878221
9.992486,9.9223585
10.1859865,10.06399
10.06605,9.911506
9.98243,9.903538
10.043331,9.878221
9.799413,9.770013
9.945043,10.221977
9.482559,9.903538
9.369406,9.680407
10.324801,9.903538
9.678269,9.903538
9.483314,9.903538
9.704358,9.903538
9.499296,9.769957
9.73654,9.741028
9.901468,9.741028
10.074657,9.741028
9.851139,9.7981825
9.987179,9.7981825
9.73451,9.686637
9.541006,9.554001
10.146595,9.82558
9.976566,9.546884
9.793501,9.546884
9.764891,9.7981825
9.756856,9.7981825
10.194052,9.766694
10.142271,9.741028
9.723286,9.770013
9.790656,9.697447
10.053748,9.581973
9.915349,9.546884
9.832315,9.624303
9.901428,9.615872
9.984032,9.615872
9.944738,9.510519
9.802249,9.615872
9.991674,10.357775
10.090858,9.488048
9.94296,9.510519
9.929983,9.546884
10.073414,9.510519
9.907999,9.453365
10.095964,9.601369
9.920727,9.587612
9.781222,9.159152
10.073254,11.181766
9.80778,9.218408
9.940798,10.863317
9.461332,10.021315
9.662266,9.770013
10.011389,10.165891
9.634405,11.191356
9.334915,11.156265
9.748159,9.958023
10.125973,9.903538
9.992136,10.292179
9.992334,10.064798
10.101339,9.7981825
9.571032,9.7981825
10.109473,9.903538
9.862951,9.903538
10.077396,9.615872
10.33442,10.463132
9.937722,9.615872
10.17062,9.903538
10.036746,9.615872
10.146767,10.126671
10.124639,10.126671
8.064006,9.210441
7.809666,9.350189
8.936649,8.9227915
8.0855055,8.657129
9.370701,9.210441
8.6104355,10.59666
8.237751,9.210441
9.838665,8.9227915
9.468378,8.9227915
9.486885,9.210441
10.2912,11.156265
10.249379,11.225257
10.431887,10.268166
10.306864,10.268166
10.281567,10.275085
9.23041,9.903538
10.018709,9.998843
10.4070015,10.457401
10.133856,10.389026
10.099722,10.422311
9.7086115,9.903538
10.092666,10.043293
10.322014,10.021315
10.029165,10.532363
10.183334,9.966274
10.193464,10.621352
10.084005,10.876971
10.167398,10.343387
10.105461,10.06951
9.5017605,9.621589
9.891029,11.156265
9.775524,10.408858
10.229676,10.603834
10.229676,10.535769
10.228706,10.383565
10.323641,10.029503
9.990473,9.492582
10.148329,10.25418
9.90227,10.59666
9.851166,10.59666
9.812365,10.59666
9.83528,11.225257
10.083079,11.461642
10.698669,10.463132
10.377946,11.512936
10.1904545,10.915107
9.976485,10.71444
10.336094,11.082158
10.347741,10.71444
10.033164,9.685393
9.784094,10.8685875
10.283604,11.143614
10.102011,10.268166
10.006924,9.575053
9.814667,9.615872
10.121799,10.165891
9.976915,9.768412
10.063147,10.165891
9.695853,10.165891
10.025007,9.768412
9.93711,9.768412
10.025299,10.146473
10.160595,9.384714
10.032438,10.106469
10.090335,9.768412
9.875933,10.657283
10.19737,10.167811
10.113489,10.221977
10.312513,10.504547
10.306869,10.085851
10.012968,9.554143
9.894944,10.1849375
10.0096855,9.554143
10.374538,10.234265
10.326838,10.504547
9.956207,10.146473
9.971609,10.239996
9.700043,10.738156
10.127704,10.308986
9.376001,10.892303
9.6753845,10.332702
9.665406,10.837245
9.951872,10.085851
9.610222,10.818197
10.224885,10.308986
9.951877,11.115443
9.598186,10.855937
9.672735,10.657283
9.856337,10.621352
10.087441,10.1849375
9.716652,10.651147
9.609833,10.778977
9.738041,10.778977
10.083632,10.126671
10.106539,10.727685
10.104742,11.264477
10.219486,9.975855
10.106463,11.042938
9.712573,10.126671
10.002542,10.126671
10.183468,9.680407
9.684583,10.633472
10.538743,10.657283
10.443203,10.404293
10.190737,10.308986
10.291664,10.389026
10.159908,9.852247
9.919153,10.819798
10.315041,10.819798
9.722325,10.357775
9.708719,10.819798
9.959829,10.126671
10.051076,10.71444
10.198365,10.064798
10.313246,10.308986
10.141592,10.532363
10.031843,10.532363
9.934382,10.71444
10.097794,10.389026
10.304518,10.389026
10.208849,10.59666
9.922196,11.002116
10.057035,10.71444
9.98952,10.959558
10.289816,11.289794
9.4260435,10.633472
10.156082,10.221977
10.264971,10.555839
10.071879,10.491302
9.800067,10.558439
10.386627,10.239996
10.231892,10.609082
10.087334,9.711176
9.864444,10.275085
10.21957,10.341775
10.241171,9.711176
8.554888,10.2036295
10.025005,10.221977
9.998007,10.463132
10.245514,9.741028
10.19704,10.747229
10.075884,10.768506
10.020004,10.915107
10.183091,10.959558
9.985487,11.042938
10.060293,10.308986
10.093594,11.082158
10.009603,10.126671
10.075888,10.59666
10.072796,10.1849375
10.14946,10.78934
10.182502,10.085851
9.940585,10.896758
9.860445,10.736419
9.968659,10.524091
10.146606,10.545368
9.828325,10.463132
9.537655,10.357775
10.375583,11.119898
10.14456,11.082158
10.2313595,10.819798
10.191055,10.1849375
10.4513645,10.71444
10.476936,10.463132
9.8061,10.757924
10.151688,10.043293
10.240642,10.657283
10.165575,10.085851
10.032486,9.975855
10.267231,10.657283
10.085862,10.59666
10.0223675,9.975855
10.0960655,9.495594
10.091864,9.746892
9.894585,10.532123
10.3007,10.126671
9.927856,10.239996
9.880511,10.571342
10.276954,9.7981825
10.276954,9.581973
10.237866,10.657283
10.425967,11.350418
10.110177,11.289794
10.221596,10.432379
9.898058,10.463132
9.943989,11.082158
9.791546,8.818926
10.018616,10.066923
10.043162,10.348206
9.804723,10.348206
10.148535,9.903538
9.800778,10.537442
10.108249,9.903538
10.223313,10.537442
10.200979,9.680407
10.187402,10.463132
10.101288,9.615872
10.129221,9.472781
9.726851,10.537442
10.230822,10.537442
10.352779,10.463132
10.04072,10.308986
10.243314,9.431963
10.165728,10.126671
9.944069,9.7981825
10.146767,9.903538
9.7577,10.308986
10.313049,10.239996
9.975249,10.71444
10.1880455,10.2036295
10.136501,10.2036295
9.977017,11.066654
10.136099,10.537442
10.08931,10.59666
9.860876,9.7981825
10.15168,10.537442
10.315252,10.165891
10.051259,10.819798
10.1820755,10.545368
10.031828,10.71444
9.9603615,10.59666
9.773924,10.463132
10.246737,10.389026
9.75407,9.952325
10.167187,10.157859
10.455154,10.819798
10.073507,10.545368
9.939669,11.350418
9.908435,9.903538
10.476164,10.463132
10.03939,9.770013
9.871505,9.546884
9.787025,9.679907
10.232522,10.915107
9.683626,11.350418
10.34581,10.571342
10.258479,10.915107
10.3944845,10.59666
10.340923,10.336957
10.087004,9.730978
10.089741,10.915107
10.1347275,10.537442
10.359428,10.5355835
9.97171,10.308986
10.057847,11.002116
10.163557,11.082158
9.854859,11.225257
10.1920595,11.350418
9.945326,11.350418
10.450713,9.998843
10.148876,9.809232
10.064941,10.537442
10.232003,10.463132
10.008929,10.502352
9.830589,10.308986
9.995346,10.126671
9.916939,10.545368
9.846039,10.545368
9.865952,10.545368
9.943176,10.502352
9.766443,10.537442
9.505064,10.126671
9.483871,9.852247
9.6181135,10.126671
10.188996,10.59666
10.307995,10.59666
10.184444,10.502352
10.221183,10.571342
10.214865,10.502352
9.782259,10.448744
9.7934885,10.571342
9.9568205,9.838202
10.057393,9.741028
10.015638,9.998843
10.312796,10.308986
10.458243,10.915107
10.156074,10.308986
9.522812,9.852247
10.20822,11.476894
10.145078,10.308986
9.992003,10.463132
10.052534,10.59666
10.067516,10.502352
10.217167,10.571342
10.214865,10.502352
10.097734,9.729194
9.792768,9.729194
9.875399,9.729194
10.1551695,11.289794
10.684658,11.289794
10.281384,11.289794
10.10464,11.289794
10.010641,11.289794
10.40518,11.918397
10.167925,11.097425
10.066166,11.461642
10.034361,11.608245
10.015022,11.289794
10.008297,11.258046
9.670988,11.4876175
10.225364,11.472114
10.334707,11.413116
9.54903,11.496806
10.125617,11.407576
9.999987,11.407576
10.294635,11.407576
10.207042,11.350418
10.298185,11.407576
10.118142,11.434975
9.919121,11.156265
10.143162,10.959558
10.357421,11.156265
10.215177,11.156265
10.334337,11.446796
9.8173065,11.407576
9.980974,11.420821
10.1626425,11.407576
9.879919,11.407576
9.794352,11.440366
9.996311,11.407576
10.191832,11.472114
10.216589,11.407576
10.2919655,11.338584
9.992797,11.407576
9.613695,11.350418
10.027776,11.407576
10.140816,11.352769
9.858849,11.289794
9.75223,11.373675
10.337437,11.289794
10.202297,11.407576
10.080286,11.407576
10.110918,11.320565
10.515779,11.320565
10.462093,11.350418
10.1108465,10.71444
10.086674,10.1849375
10.132978,11.225257
10.223544,11.138247
10.386871,11.305299
10.29286,11.366755
9.7565,11.258046
10.274824,11.258046
10.091784,11.191356
10.05062,11.258046
10.25923,11.119898
10.241152,11.258046
9.534228,11.366755
10.058853,11.264477
10.03485,11.264477
10.0977335,11.264477
10.345877,11.338584
10.198495,11.338584
9.8970585,11.184435
10.24898,11.184435
10.001315,11.184435
10.239479,11.338584
10.0585575,11.472114
10.291611,11.256755
10.119545,11.082158
10.4583235,11.289794
10.301098,11.191356
10.215111,11.156265
10.0597725,11.082158
10.216455,11.156265
10.206366,11.225257
9.722723,11.156265
10.202929,11.156265
10.042923,11.225257
9.828428,11.156265
10.300574,11.225257
10.323505,11.289794
10.224075,11.156265
10.159117,11.082158
10.02061,11.289794
9.703152,11.258046
9.550726,11.225257
10.20093,11.225257
10.199251,10.915107
10.339947,11.217225
10.5528965,11.233225
10.097199,11.200964
10.427528,11.184435
10.279726,11.225257
10.200541,11.225257
10.190028,11.097425
10.166419,11.366755
10.14486,11.366755
10.14486,11.366755
9.53948,11.248973
9.420113,10.959558
10.230879,10.915107
10.198839,11.156265
10.306091,11.082158
9.562191,11.225257
9.481539,11.156265
10.371566,11.156265
10.362671,10.71444
10.144993,11.156265
9.904406,11.156265
10.223321,11.156265
10.432634,11.119898
10.075587,10.959558
10.1675415,10.959558
9.993749,11.082158
10.820505,11.225257
10.2113285,11.021919
10.283846,11.1346035
10.395244,11.141876
10.022434,11.184435
9.815675,11.184435
10.300767,11.002116
10.527286,11.156265
10.005527,10.915107
10.375358,11.156265
9.82378,11.119898
9.689491,11.082158
10.286673,10.959558
10.197436,11.156265
10.020179,11.082158
10.351902,11.082158
10.157835,11.082158
10.2094345,11.002116
9.618306,11.119898
9.868123,11.002116
9.883896,11.042938
10.419822,11.042938
10.148844,11.082158
10.085418,11.002116
10.38083,11.002116
10.235718,11.002116
10.044093,11.002116
9.854977,11.156265
10.019154,11.082158
9.960199,11.156265
10.219596,11.082158
9.308839,11.119898
10.268033,11.119898
9.236219,10.8685875
9.70647,11.184435
10.254479,10.961295
9.634192,11.248973
9.937719,11.248973
9.652288,11.184435
10.114167,11.248973
9.676779,11.248973
10.094395,11.115443
9.79134,11.248973
10.168997,11.031674
10.220936,11.088293
9.455805,11.082158
10.234981,10.959558
10.17988,10.915107
10.435101,10.959558
10.343656,11.082158
9.543279,11.042938
10.026074,11.082158
10.043731,11.042938
10.06123,11.082158
9.921689,10.959558
10.25922,11.082158
10.413458,11.082158
10.348129,10.8685875
10.231106,10.959558
10.311007,11.082158
10.4741535,11.042938
10.10351,10.389026
9.712797,11.002116
10.211624,10.8685875
10.090229,11.002116
9.699857,10.915107
9.670778,10.915107
10.132842,10.915107
9.948866,11.002116
10.139986,11.002116
9.6387615,11.082158
10.064192,11.079077
10.583982,10.896758
10.101969,11.079077
10.354402,10.959558
10.217204,10.959558
9.783459,10.937579
10.088816,10.574542
10.55373,10.946428
9.832055,10.817797
10.31159,10.915107
10.060275,10.915107
10.084146,11.002116
10.5272045,10.959558
9.730803,10.915107
10.091003,11.002116
9.915499,10.915107
9.776751,10.819798
10.37768,10.959558
10.111932,10.8685875
10.293456,10.915107
10.076163,10.915107
9.871733,10.8685875
10.197814,10.8685875
10.223973,10.8685875
9.674943,10.819798
10.294031,10.308986
9.00581,10.896758
10.073814,10.691968
10.513829,10.71444
9.695608,10.959558
10.252426,11.002116
10.128971,11.002116
10.172989,10.915107
10.028646,10.915107
9.99716,10.959558
10.078046,10.915107
10.082281,10.915107
10.041697,10.8685875
10.092714,10.819798
10.425775,10.915107
9.747231,10.915107
9.883816,10.819798
9.01689,10.915107
9.995101,10.308986
10.187353,10.915107
10.198263,10.959558
10.13404,10.959558
10.144379,10.915107
10.119408,11.002116
10.199425,10.915107
10.38363,10.8685875
9.745466,10.915107
9.9779625,10.819798
10.157043,10.819798
10.17275,10.915107
10.231066,11.002116
10.12749,10.819798
9.75667,10.915107
8.931166,11.002116
9.525591,10.915107
9.620325,11.002116
10.173801,10.968216
9.945096,10.8685875
10.003485,10.915107
9.828664,10.819798
10.276395,11.041337
10.027146,11.010084
9.843861,10.961295
9.823524,10.961295
10.146341,11.093782
10.07513,11.115443
10.174773,10.924156
10.164661,10.849357
9.701262,10.918736
9.740582,10.887456
10.269388,10.950824
9.886188,10.839601
9.911251,10.839601
9.411425,10.839601
9.368902,10.839601
9.509247,10.78934
9.671097,10.878066
10.210577,10.944489
10.364002,10.851296
10.355726,10.71444
9.859598,10.819798
9.731169,10.819798
9.654291,10.768506
10.253464,10.915107
9.839161,10.819798
10.172924,10.819798
10.011631,10.8685875
9.280468,10.768506
9.548126,10.819798
10.071476,10.819798
8.734145,10.71444
10.340174,10.915107
10.204572,10.768506
9.207962,10.819798
9.735206,10.819798
10.130291,10.768506
10.04348,10.819798
9.297166,10.8685875
9.054027,10.789319
9.965282,10.915107
10.306578,10.915107
10.088567,10.8685875
9.71884,10.915107
9.353602,10.915107
9.804657,10.819798
9.469765,10.8685875
9.3699875,10.768506
9.735792,10.819798
10.048653,10.8685875
10.041235,10.819798
9.861618,10.915107
10.179073,10.768506
10.43578,10.819798
10.131063,10.71444
9.736501,10.768506
9.7607565,10.819798
10.004244,10.809748
9.994629,10.839601
9.008587,10.896758
10.311925,10.896758
9.549224,11.025832
9.704477,10.878066
9.582647,10.827766
10.479037,10.874286
8.7228155,10.736419
10.079638,10.819798
10.10354,10.719848
9.218571,10.719848
9.590008,10.892303
10.01826,10.874286
9.817847,10.855937
9.9923315,10.874286
9.877872,10.874286
9.036175,10.532123
10.403616,10.71444
10.126331,10.657283
10.205185,10.768506
10.231447,10.768506
10.139496,10.59666
9.884524,10.463132
9.884262,10.463132
9.670085,10.71444
9.992142,10.768506
10.371106,10.71444
10.242572,10.71444
9.815978,10.819798
10.161976,10.71444
9.863308,10.819798
10.333841,10.768506
10.172365,10.71444
10.356768,10.657283
10.137409,10.819798
9.397751,10.71444
10.369918,10.768506
9.6967945,10.59666
10.13814,10.819798
10.14445,10.691968
10.403769,10.71444
10.126575,10.71444
9.130806,10.819798
10.383256,10.71444
10.018772,10.819798
10.057661,10.59666
9.828651,10.819798
10.23214,10.819798
10.014016,10.819798
10.214962,10.819798
9.743004,10.819798
10.268061,10.768506
9.874986,10.71444
10.01086,10.768506
10.154603,10.799596
9.814845,10.819798
10.076084,10.768506
10.10191,10.71444
9.913614,10.532123
10.243142,10.59666
10.070734,10.657283
10.001343,10.768506
10.042688,10.768506
10.210581,10.657283
8.207896,10.71444
8.381754,10.71444
10.427704,10.657283
10.050009,10.71444
10.215017,10.404293
10.017779,10.736419
10.231995,10.819798
9.4172945,10.768506
9.012285,10.463132
9.012285,10.463132
9.81915,10.768506
8.443385,10.71444
9.596659,10.819798
10.188502,10.768506
9.600761,10.819798
9.466942,10.768506
10.217481,10.768506
8.571411,10.71444
9.696259,10.768506
10.179686,10.657283
10.246316,10.71444
10.549101,10.768506
9.978792,10.768506
8.8363,10.819798
10.1431675,10.71444
10.282621,10.71444
9.868059,10.768506
10.12195,10.71444
10.074038,10.71444
10.336141,10.819798
10.2170315,10.768506
9.019463,10.819798
10.021349,10.768506
10.066552,10.768506
10.122847,10.768506
9.312254,10.768506
9.659623,10.819798
10.060631,10.71444
10.455373,10.799596
10.065117,10.757924
9.894217,10.708869
9.921432,10.927394
10.173582,10.927394
9.997607,10.645449
9.911404,10.645449
9.750377,10.778977
10.373844,10.491302
10.027435,10.778977
10.000224,10.727685
10.311002,10.736419
10.242582,10.778977
10.08613,10.778977
9.587417,10.7987795
9.860095,10.741838
9.999452,10.680539
9.844209,10.621352
8.889441,10.736419
10.232786,10.571342
9.945898,10.609082
9.937204,10.517348
9.925772,10.517348
10.341256,10.668979
9.508864,10.706095
10.335453,10.532123
10.0349655,10.609082
9.215729,10.59666
8.460074,10.532123
9.460739,10.59666
9.149719,10.59666
9.685057,10.532123
10.470665,10.532123
9.699476,10.532123
10.138247,10.463132
10.277283,10.532123
9.966842,10.71444
10.248827,10.657283
10.258512,10.71444
10.043398,10.657283
10.113014,10.657283
10.102293,9.975855
10.207588,10.404293
9.126799,10.71444
9.588255,10.657283
10.007443,9.852247
10.2603655,10.657283
10.230619,10.609082
9.730362,10.657283
9.894209,10.71444
9.8866415,10.59666
10.102914,10.633472
9.668531,10.59666
10.256134,10.657283
10.354347,10.59666
10.009575,10.633472
9.050553,10.71444
10.097752,10.532123
9.776803,10.59666
9.157422,10.532123
10.268102,10.59666
10.089313,10.532123
10.411592,10.657283
9.480179,10.657283
10.046513,10.59666
10.229599,10.657283
8.988471,10.59666
10.3979,10.657283
9.167795,10.657283
10.567412,10.59666
9.471737,10.657283
10.182501,10.71444
8.880291,10.657283
10.093819,10.657283
10.126556,10.59666
9.543244,10.71444
8.574253,10.59666
9.135042,10.657283
10.149044,10.71444
10.245903,10.657283
9.536388,10.657283
10.193981,10.71444
9.331104,10.59666
9.476758,10.59666
9.116245,10.657283
10.1260805,10.71444
10.206558,10.657283
9.879671,10.657283
9.57246,10.657283
10.133314,10.532123
9.691055,10.59666
10.012371,10.657283
10.169921,10.657283
10.236161,10.59666
9.720699,10.657283
9.232268,10.657283
9.975891,10.657283
9.722499,10.657283
10.143585,10.71444
10.0240555,10.657283
9.660778,10.71444
9.337094,10.657283
9.826609,10.71444
8.780694,10.357775
9.965848,10.657283
10.0399275,10.657283
10.091074,10.021315
10.387438,10.633472
8.852058,10.657283
8.809017,10.59666
10.081174,10.71444
10.177158,10.657283
8.313426,10.59666
9.088364,10.657283
9.697512,10.59666
9.324935,10.59666
9.7093525,10.658505
9.997147,10.699417
10.206511,10.633472
10.229192,10.645449
10.171753,10.691968
8.615345,10.758775
9.738692,10.778977
9.401504,10.778977
8.768591,10.778977
9.459516,10.758775
9.717884,10.778977
9.733016,10.738156
10.156689,10.555839
9.561918,10.778977
9.751229,10.778977
10.017825,10.673619
9.749372,10.609082
9.455402,10.505095
9.152388,10.59666
10.275831,10.633472
10.043802,10.609082
8.88385,10.786531
9.826485,10.758775
9.805936,10.758775
9.701822,10.717103
9.740158,10.695598
10.196568,10.695598
10.021718,10.609082
9.695049,10.717103
9.97294,10.463132
9.964807,10.571342
10.250766,10.491302
9.969106,10.645449
9.067738,10.738156
8.795881,10.758775
9.7305155,10.695598
9.413305,10.717103
9.474911,10.717103
10.196664,10.59666
9.115017,10.5836
9.60597,10.609082
9.332486,10.477316
9.494682,10.584082
10.306723,10.621352
9.8662815,10.616462
9.856201,10.730204
9.850693,10.532123
10.0153,10.532123
10.173913,10.59666
10.330639,9.903538
10.276111,10.463132
10.539203,10.463132
9.954611,10.59666
10.162752,10.59666
10.132454,10.463132
9.974661,10.463132
9.997417,10.532123
10.167217,10.532123
10.394939,10.59666
10.244691,10.59666
9.631491,10.275085
9.944652,10.532123
9.837249,10.59666
9.539628,10.463132
9.796488,10.463132
9.961471,10.532123
10.095206,10.558439
10.291616,10.532123
9.563475,10.532123
10.251014,10.463132
9.386011,10.532123
10.017111,10.463132
9.32575,10.064798
10.218138,9.903538
9.54513,9.903538
9.806726,10.463132
9.337122,10.419331
10.094873,10.59666
8.949385,10.463132
10.188423,10.59666
9.22501,10.532123
9.626457,10.463132
9.012445,10.59666
9.136852,10.463132
9.37364,10.434145
9.563096,10.463132
9.987765,10.463132
10.381142,10.389026
10.276466,10.463132
10.073321,10.49269
10.293889,10.389026
9.998825,10.59666
10.171352,10.532123
10.034544,10.463132
10.171284,10.532123
10.44358,10.532123
9.987467,10.463132
9.978316,10.532123
9.084715,10.532123
9.519309,10.59666
9.518782,10.389026
10.332836,10.389026
10.605943,10.59666
10.2205105,10.532123
10.338794,10.532123
9.957647,10.463132
9.533012,10.463132
9.500159,10.59666
10.003646,10.59666
10.186892,10.532123
9.209386,10.463132
9.595349,10.59666
10.113485,10.463132
9.805939,10.463132
10.056776,10.308986
10.121932,10.532123
10.160854,10.463132
9.966518,10.59666
10.156495,10.463132
10.251753,10.532123
9.526966,10.463132
9.946142,10.59666
10.212946,10.308986
9.926622,10.463132
10.557138,10.463132
9.744882,10.59666
9.955018,10.463132
9.623864,10.463132
9.920942,10.558439
9.151407,10.463132
9.993056,10.434145
10.416105,10.532123
9.705176,10.463132
9.903694,10.532123
8.735446,10.463132
9.947397,10.59666
9.563139,10.463132
10.364466,10.532123
9.975111,10.463132
10.131941,10.571342
10.408722,10.463132
9.559351,10.532123
10.013132,10.532123
10.158154,10.558439
10.511319,10.518701
10.330204,10.571342
9.253269,10.532123
10.281881,10.695598
10.0231085,10.695598
10.117424,10.628158
9.799721,10.385944
10.172797,10.555839
9.708475,10.55391
10.103708,10.477316
10.118219,10.491302
10.084196,10.477316
10.252526,10.434145
9.930909,9.852247
10.089866,9.8705
9.05454,10.463132
9.738929,10.505095
9.997766,10.545368
10.061062,10.404293
9.536367,10.404293
8.909759,10.505095
10.198873,10.545368
10.127845,10.434145
10.572344,10.545368
8.289846,10.545368
10.147257,10.566201
10.045507,10.524091
9.172833,10.518701
9.996599,10.477316
9.913393,10.419331
10.207811,10.463132
10.053805,10.518701
10.257958,10.491302
10.448023,10.463132
8.800664,10.448744
9.059427,10.518701
10.241034,10.518701
10.24478,10.621352
9.487241,10.498222
10.3136835,10.491302
10.034327,10.419331
9.332779,10.518701
9.600342,10.491302
9.772039,10.325515
10.2727375,10.257694
10.118144,10.419331
10.249871,10.419331
9.937744,10.651147
10.004457,10.391331
9.880291,10.491302
10.0545845,10.41184
9.205128,10.385944
9.5105095,10.422311
9.928593,10.477316
9.95004,10.419331
9.611136,10.308986
9.987433,10.422311
10.11258,10.448744
9.895452,10.404293
10.102965,10.488604
10.171482,10.487573
9.743843,10.504547
10.212465,10.604628
10.162415,10.580531
10.059324,10.389026
9.258558,10.463132
10.176599,10.389026
9.717912,10.357775
9.965813,10.389026
10.0134,10.341775
9.858383,10.341775
10.031369,10.463132
8.580948,10.389026
9.770144,10.463132
8.940509,10.389026
9.887835,10.419331
9.49149,10.1849375
10.172546,10.389026
10.202565,10.357775
10.19756,10.434145
10.042639,10.389026
10.344444,10.419331
10.231656,10.308986
10.150906,10.389026
10.016262,10.389026
10.124895,10.389026
10.2532,10.389026
9.669205,10.239996
9.803198,10.434145
9.832391,10.308986
9.040631,10.308986
9.971942,10.308986
10.22712,10.308986
10.073453,10.36568
10.040305,10.463132
9.620899,10.308986
10.221773,10.308986
9.78113,9.770013
10.308676,10.308986
10.722061,10.463132
9.817886,10.463132
10.055788,10.308986
10.240568,10.308986
10.3905945,10.389026
10.11562,10.221977
9.858854,10.389026
10.012531,10.357775
9.868372,10.419331
9.128084,10.308986
9.731722,10.463132
10.141748,10.341775
9.599421,10.308986
10.125924,10.389026
10.967585,10.463132
10.12595,10.308986
10.241009,10.463132
10.501331,10.389026
9.789485,10.419331
10.119491,10.357775
9.47904,10.15448
9.164741,10.389026
10.201968,10.463132
9.803145,10.389026
9.905814,10.357775
9.632288,10.389026
9.546422,10.419331
10.059578,10.463132
9.691689,10.463132
10.064417,10.308986
10.09542,10.419331
8.483705,10.463132
9.716235,10.389026
9.980507,10.463132
9.911906,10.463132
10.110653,10.389026
10.0716095,10.308986
10.1923065,10.463132
9.16111,10.463132
10.1031275,10.389026
10.108541,10.389026
9.86964,10.308986
10.043866,10.463132
9.503416,10.463132
9.418358,10.389026
9.93602,10.450684
10.371973,10.342999
9.1160755,10.325515
8.620156,10.341775
9.693717,10.357775
10.080995,10.373523
9.223295,10.434145
9.64461,10.373523
10.465333,10.434145
9.93996,10.434145
10.24607,10.341775
9.355527,10.106469
9.896984,10.373523
10.031654,10.341775
10.048421,10.434145
9.993665,10.434145
10.049772,10.346505
10.165947,10.422311
9.487366,10.422311
10.475685,10.275085
9.843916,10.357775
9.991274,10.357775
10.052365,10.357775
10.259978,10.357775
9.414873,10.404293
9.448368,10.275085
10.366688,10.341775
10.117505,10.308986
9.7391205,10.373523
10.0137615,10.389026
10.416405,10.341775
9.257877,10.257694
9.835478,10.373523
10.313162,10.221977
10.123566,10.308986
10.050751,10.292179
10.294794,10.257694
9.55078,10.341775
10.088194,10.292179
10.178353,10.292179
9.753085,10.275085
9.316959,10.287287
9.981182,10.267158
10.242414,10.268166
10.207327,10.308986
9.824836,10.134639
10.048764,10.292179
10.077183,10.275085
9.8258095,10.341775
10.146103,10.341775
10.1156025,10.341775
9.974787,10.308986
10.211151,10.292179
9.959493,10.292179
10.399084,10.300618
9.218608,10.292179
9.909508,10.275085
9.4932575,10.422311
9.973732,10.450481
10.25387,10.313973
10.13055,10.126671
10.276188,10.043293
10.117961,10.221977
8.956281,10.308986
10.0847,10.275085
9.484256,10.308986
10.262528,10.308986
9.449247,10.257694
9.902075,10.257694
8.655417,10.275085
10.017312,10.308986
10.442034,10.308986
9.941079,10.126671
9.362798,10.221977
8.989178,10.2036295
10.085928,10.221977
10.145359,10.106469
10.015671,10.2036295
10.265978,10.308986
10.332216,10.248884
10.100573,10.275085
10.048425,10.257694
10.119112,10.221977
10.288919,10.221977
9.865854,10.126671
8.739679,10.308986
9.521219,10.126671
9.753483,10.308986
10.004976,10.275085
10.2339525,10.275085
10.206018,10.239996
10.220281,10.308986
10.072338,10.257694
9.620517,10.221977
9.956244,9.615872
10.067369,10.221977
10.394892,10.1849375
10.067236,10.308986
10.194069,10.221977
9.967508,10.292179
10.1194935,10.126671
10.064125,10.126671
10.585712,10.126671
10.007728,10.308986
10.069368,10.292179
10.0828495,10.221977
9.875822,10.221977
9.015182,10.221977
10.086163,10.308986
8.95765,10.221977
9.976482,10.221977
9.875163,10.021315
9.607235,10.021315
10.125137,10.021315
10.227707,10.126671
10.200026,10.308986
10.093925,10.308986
10.396536,10.221977
10.395756,10.221977
10.141767,10.308986
9.768202,9.999752
10.122644,10.275085
9.891547,10.126671
10.080922,10.308986
10.479537,10.257694
9.438469,10.308986
9.814062,10.126671
9.685642,10.126671
9.7695,10.221977
9.826694,10.2036295
10.096574,10.221977
10.206294,10.308986
9.962502,10.308986
10.217255,10.308986
9.8832855,10.221977
10.01031,10.275085
10.180993,10.221977
9.489568,10.221977
9.851585,10.126671
10.16336,10.308986
10.255519,10.308986
10.149282,10.165891
10.176935,10.308986
10.2428665,10.126671
9.761702,10.221977
9.786736,10.126671
10.076393,10.275085
10.06525,10.275085
10.007494,10.308986
9.173259,10.308986
9.438469,10.308986
10.093897,10.126671
10.267531,10.232647
9.074642,10.251959
9.4741745,10.239996
9.667723,10.275085
10.064705,10.275085
9.964774,10.292179
10.415826,10.2036295
10.3278475,10.2036295
10.070417,10.275085
10.00006,10.268166
9.965136,10.085851
9.782501,10.181157
9.944681,10.181157
10.059506,10.239996
10.1684265,10.221977
10.327953,10.239996
9.891116,9.987415
9.421172,10.2036295
10.261392,10.106469
10.170933,10.126671
9.2251625,10.126671
9.849258,10.239996
9.794766,10.239996
10.118126,10.239996
10.091968,10.1849375
8.4995,10.126671
9.960636,10.1849375
9.925445,10.126671
10.185337,10.156229
10.154196,10.2036295
10.226935,10.1849375
10.101885,9.987415
10.171644,10.1849375
9.492643,10.1849375
9.857113,10.085851
10.389258,10.146473
10.064882,10.126671
10.328729,10.2036295
10.117169,10.165891
10.165928,10.165891
8.869318,10.2036295
10.165087,10.1849375
9.478748,10.2036295
10.326912,10.1849375
9.874472,10.221977
10.0582285,10.1849375
10.028698,10.2036295
10.13775,10.239996
9.614406,10.165891
9.733808,10.239996
8.971686,10.1849375
9.943166,10.1849375
10.12546,10.175459
10.222185,10.2036295
9.828001,10.434145
10.173668,10.165891
10.27451,10.176601
10.141754,10.10238
9.685671,10.085851
9.736044,10.077441
10.290898,10.182822
9.375141,10.165891
10.258015,10.1849375
9.948301,10.10553
10.171461,10.2036295
10.036968,10.2036295
9.99821,10.2036295
9.998094,10.165891
9.553652,10.165891
9.555107,10.2036295
10.001918,10.165891
10.126381,10.2036295
9.518814,10.126671
10.513228,10.2036295
10.209423,10.106469
10.043784,10.126671
10.152784,10.146473
10.248516,10.165891
9.848215,10.156229
9.868357,10.106469
10.050098,10.165891
9.311166,10.221977
10.077511,10.2036295
10.056473,10.332702
10.095863,10.045031
9.855635,10.193991
9.890119,10.042206
10.064221,10.134639
9.73394,10.174964
10.180587,10.172025
10.180587,10.172025
10.26096,9.98539
10.2855,10.146473
10.244246,10.165891
10.309184,10.142544
10.234538,10.165583
10.092498,10.106469
9.550358,10.165891
9.999751,10.126671
10.090376,10.126671
10.217746,10.019091
10.298278,10.126671
10.190998,10.043293
9.732416,10.146473
9.8567505,10.165891
9.700144,10.043293
9.1019125,10.085851
9.862903,9.987415
10.233073,10.126671
10.059964,10.106469
10.357646,10.165891
9.815059,10.126671
10.311346,10.146473
9.973759,10.069044
9.666859,10.126671
10.136571,10.043293
10.052345,10.146473
9.959127,10.165891
9.789062,10.021315
10.766657,10.165891
9.716648,9.987415
10.058985,10.085851
10.220945,10.137888
9.292036,10.153195
10.114283,10.145374
10.1504,10.268166
9.94863,10.134639
9.469585,10.126671
9.155636,10.146473
10.002562,10.064798
10.088849,10.021315
8.886231,10.021315
9.563884,10.064798
9.655836,10.126671
10.0023985,10.085851
9.408876,10.021315
9.054674,10.021315
10.0016,10.308986
9.914131,10.021315
9.7302885,10.043293
9.51264,10.064798
9.885449,10.126671
10.5046215,9.581973
10.387846,10.126671
9.890593,9.878221
10.377625,10.126671
10.094946,10.021315
9.432122,9.952325
10.256018,10.126671
9.471363,10.021315
10.293895,9.852247
9.936127,10.126671
10.17338,10.021315
10.178785,10.126671
10.165681,10.221977
10.270525,10.021315
10.263997,10.085851
10.142736,10.085851
9.929861,10.126671
9.408974,10.126671
10.137775,10.021315
10.224878,10.064798
10.636377,10.064798
10.012029,10.106469
9.639463,9.839003
9.675934,9.839003
9.930248,10.126671
9.73616,9.975855
10.196869,10.126671
10.36039,9.975855
9.280036,10.021315
9.970545,10.021315
10.332409,10.064798
9.436463,10.021315
9.805969,9.975855
10.292029,9.903538
9.966159,10.064798
10.115084,10.021315
10.468977,10.126671
10.155264,10.126671
9.756883,9.975855
10.461176,10.126671
10.027519,10.021315
9.999954,10.221977
9.885382,9.975855
10.260424,10.021315
10.05802,10.126671
10.010584,9.433564
10.094853,10.126671
10.265047,10.085851
9.200928,10.021315
10.19688,10.021315
9.923048,10.085851
10.083082,9.975855
10.173048,10.106469
9.327385,10.043293
10.113205,9.903538
9.990473,9.852247
10.159914,10.043293
10.139793,10.126671
9.940233,10.126671
10.056908,10.021315
10.229528,10.059679
9.732422,10.112451
9.811956,10.216874
8.056254,9.392745
9.657103,10.085851
9.895078,10.043293
10.04537,10.043293
9.400728,10.043293
9.816289,10.085851
10.2677765,10.043293
10.114372,10.085851
9.986118,10.085851
9.983162,9.952325
9.890796,10.085851
9.889982,9.94035
10.179533,9.94035
10.36492,10.043293
9.791533,10.021315
9.763052,10.010142
9.922562,9.998843
9.876241,10.043293
9.854666,10.043293
9.760872,10.085851
10.0368395,9.998843
9.986076,9.998843
9.468287,9.998843
8.940738,10.043293
10.077619,9.9804945
9.507802,10.085851
9.371397,9.952325
9.811804,10.110542
9.538495,10.085851
10.039507,10.043293
10.001081,10.043293
10.105083,10.064798
9.813454,9.998843
10.386551,10.096213
10.0011215,9.952325
10.104648,10.085851
10.045414,10.085851
9.664185,10.043293
9.473633,9.952325
10.005296,10.043293
10.072055,9.998843
8.715388,9.998843
10.014559,10.085851
9.970909,10.085226
10.215467,9.993145
10.096966,10.041727
9.818452,10.041727
10.1195135,10.199175
10.086091,10.000115
9.902685,9.928229
9.813646,9.975855
10.160213,9.903538
10.087225,10.043293
10.013564,10.043293
10.14011,9.928229
9.037186,9.998843
10.098547,9.975855
9.266596,9.975855
10.496867,10.021315
10.4326725,10.043293
10.401872,10.043293
10.372715,10.043293
9.835487,10.043293
9.943031,10.043293
9.848186,9.928229
9.8981,9.903538
9.887133,9.975855
10.11271,10.043293
10.3857975,9.928229
9.983189,9.961803
9.905755,9.998843
9.965328,9.928229
10.054899,9.952325
9.972512,9.94035
9.962271,9.975855
9.6378975,9.998843
9.780134,9.9804945
9.31336,10.162808
10.166006,10.105653
9.972832,9.915959
10.18444,9.952325
10.10169,9.903538
9.658026,9.903538
9.543796,9.903538
8.496112,9.998843
10.086802,9.998843
9.789236,9.952325
9.772457,9.952325
10.247715,9.928229
9.89019,9.952325
8.595687,9.903538
10.1219635,9.952325
10.114607,9.878221
10.168235,9.952325
9.860938,9.998843
10.073917,9.975855
9.994048,9.903538
9.182594,9.952325
9.831526,9.928229
10.400209,9.998843
10.181684,9.903538
9.920004,9.998843
9.962033,9.903538
9.677188,9.928229
9.889665,9.89096
9.88248,9.89096
10.1699915,10.064798
9.438227,9.928229
9.774388,9.770013
9.071166,9.770013
10.187775,9.988609
10.082168,9.988609
9.913247,9.998843
9.608356,9.952325
9.084629,9.952325
10.035383,9.975855
10.049149,9.998843
10.030385,9.903538
10.104491,9.82558
8.636814,9.903538
10.178968,9.903538
9.712502,9.998843
8.474504,9.998843
9.328215,9.952325
9.780262,10.12507
9.986424,10.002473
9.8482685,9.9804945
9.854971,9.9804945
9.864571,9.9804945
10.034316,9.9804945
9.583163,9.9804945
9.854971,9.9804945
9.247094,9.9804945
9.799736,9.952325
9.634067,9.851615
9.551081,9.845911
10.352986,9.927838
10.040737,9.903538
9.840241,9.852247
7.791713,9.770013
10.079324,9.852247
9.8991165,10.085851
10.075528,9.852247
9.866238,9.878221
9.910551,9.852247
10.055618,9.903538
8.751846,9.878221
9.9852295,9.852247
10.268004,9.865318
10.265257,9.865318
10.265257,9.865318
10.265257,9.865318
10.265257,9.865318
9.87854,9.878221
9.795223,9.82558
9.944968,9.878221
10.21287,9.852247
8.892643,9.952325
9.92905,9.878221
10.317289,9.929691
10.137207,9.923339
10.003901,10.085851
10.033514,9.958023
10.140355,9.862718
9.850756,9.879554
9.940241,9.908376
10.13578,9.801344
8.963694,9.903538
8.164097,9.852247
10.046394,9.903538
8.836872,9.852247
10.055754,9.903538
8.593676,9.903538
9.96369,9.903538
9.262381,9.903538
9.917929,9.7981825
8.64519,9.903538
8.964413,9.903538
10.090374,9.903538
10.061896,9.903538
9.907816,9.903538
9.589177,9.903538
10.106236,9.852247
9.785683,9.852247
9.888627,9.903538
9.989276,9.852247
10.119997,9.928229
9.957474,9.82558
9.992161,9.852247
10.406635,9.878221
9.903963,9.852247
9.852184,9.82558
9.398573,9.770013
9.298887,9.770013
8.544439,9.680407
8.956429,9.770013
10.052534,9.82558
10.277546,9.82558
10.080877,9.711176
10.067349,9.852247
10.089519,9.770013
9.41077,9.852247
10.075585,9.852247
10.266368,9.878221
9.969617,9.903538
10.03975,9.903538
9.451351,9.903538
9.399126,9.852247
9.560844,9.903538
10.027994,9.82558
8.718053,9.903538
8.594266,9.903538
9.929733,9.852247
9.965767,9.852247
10.205862,9.852247
10.025928,9.770013
10.045429,9.82558
9.852854,9.852247
10.022734,9.903538
10.22131,9.7981825
10.1811695,9.852247
9.365715,9.903538
9.901117,9.903037
8.433479,9.903538
9.5635605,9.901034
10.085539,9.8705
10.034494,9.778661
8.824054,9.852247
9.890339,9.856396
10.30762,9.852247
10.155844,9.878221
10.167295,9.878221
9.8414955,9.852247
10.163489,9.7981825
9.794106,9.852247
9.551244,9.878221
9.596741,9.770013
9.545407,9.7981825
10.180398,9.852247
10.05224,9.8119755
9.963984,9.852247
9.930268,9.770013
9.854645,9.852247
10.014437,9.770013
9.665249,9.865318
9.19405,9.82558
10.137666,9.819127
9.581801,9.727168
9.805183,9.805544
9.695328,9.82179
9.351201,9.7981825
10.089755,9.711176
9.977626,9.741028
9.82481,9.185125
10.223447,9.741028
9.883862,9.809232
8.833991,9.7981825
8.743283,9.711176
10.235714,9.7981825
8.447673,9.878221
9.638173,9.755626
9.976115,9.7981825
10.206709,9.7981825
10.077469,9.770013
8.468546,9.7981825
9.988199,9.546884
8.950019,9.546884
8.885302,9.615872
10.206287,9.711176
10.136419,9.711176
10.050217,9.546884
9.858376,9.741028
9.995823,9.741028
9.948174,9.741028
10.02377,9.82558
9.908875,9.741028
9.983637,9.711176
10.154383,9.7981825
10.090083,9.770013
10.02479,9.82558
10.098682,9.741028
9.888723,9.741028
9.754251,9.755626
9.768447,9.755626
9.963726,9.7981825
9.898373,10.146473
10.029323,9.64866
9.466237,9.741028
8.843246,9.770013
9.791292,9.7981825
9.7873745,9.73181
10.259608,9.787066
9.474987,9.811427
9.655711,9.433564
9.958109,9.615872
9.322956,9.711176
10.060398,9.726213
10.133076,9.741028
9.972321,9.64866
10.05945,9.711176
9.930122,9.784197
10.318035,9.770013
10.089356,9.741028
9.976378,9.680407
10.18325,9.711176
9.471851,9.581973
9.995657,9.711176
10.179761,9.755626
9.358852,9.711176
10.040363,9.64866
9.855313,9.711176
9.94648,9.711176
9.807242,9.6959095
10.037525,9.770013
10.134998,9.741028
9.940399,9.711176
9.849831,9.8119755
9.676178,9.755626
9.164869,9.733707
10.145008,9.862718
9.690319,9.700208
9.928127,9.958023
9.867965,9.720586
10.105884,9.842516
9.969069,9.680407
10.151176,9.6959095
10.221086,9.680407
9.892374,9.680407
10.00387,9.903538
8.700466,9.711176
9.951588,9.680407
10.018901,9.711176
10.302459,9.680407
9.883862,9.64866
10.202937,9.615872
9.142407,9.680407
10.132792,9.680407
10.078574,9.680407
9.8819,9.711176
10.025665,9.711176
9.908204,9.575053
10.096999,9.680407
10.08791,9.64866
10.206371,9.692828
10.197235,9.741028
9.727619,9.680407
9.844755,9.615872
9.482826,9.680407
9.890427,9.628853
9.862791,9.7976265
10.168104,10.221977
9.788914,9.638676
9.649881,9.757363
10.261837,9.757363
10.095972,9.639587
9.375908,9.757363
9.421764,9.757363
10.426298,9.623377
10.072552,9.599202
10.073979,9.573316
9.5824995,9.528867
10.001188,9.878221
9.936866,9.564583
9.846586,9.615872
9.098248,9.433564
9.952833,9.564583
10.05245,9.528867
10.259943,9.528867
10.017494,9.581973
9.833714,9.539716
9.868547,9.615872
9.950162,9.596418
9.207353,9.580869
9.718098,9.700208
10.066565,9.670357
10.186847,9.700208
10.225365,9.472781
9.696251,9.472781
9.803187,9.694616
9.915834,9.678405
10.216387,9.510519
8.867489,9.581973
9.08783,9.546884
9.933725,9.546884
9.899469,9.65323
9.925151,9.654449
8.835823,9.652009
10.169683,9.575053
9.991558,9.639587
10.184036,9.639587
9.706664,9.639587
10.135529,9.639587
9.934501,9.501591
9.726219,9.571714
10.028599,9.620661
9.869285,9.522301
9.91238,9.510519
10.1272335,9.472781
9.931972,9.472781
9.837944,9.601369
10.066771,9.588297
9.438392,9.588297
9.694778,9.512443
9.889202,9.575053
9.87348,9.575053
10.14324,9.541154
9.734436,9.575053
10.02006,9.441531
9.594675,9.392745
10.274089,9.392745
10.17199,9.392745
10.303298,9.614271
9.354712,9.506065
10.048643,9.506065
8.7031765,9.506065
8.7031765,9.506065
8.7031765,9.506065
8.7031765,9.506065
10.088807,9.506065
8.7031765,9.506065
8.7031765,9.506065
10.147516,9.425775
10.150239,9.431963
10.020453,9.383033
9.45952,9.383033
9.954342,10.962666
10.262926,8.853808
10.360878,8.794976
9.909603,9.575053
9.678012,9.488048
9.759434,8.699681
9.737186,8.7194805
10.237816,9.616672
9.339111,8.679482
9.286312,9.7981825
9.743037,9.615872
9.369562,8.7194805
9.379055,8.7194805
10.137286,10.223866
10.067576,9.552226
10.055298,9.915959
10.4557495,11.231901
9.80933,9.979939
9.454299,9.9804945
10.151815,10.280999
10.353779,10.280999
10.051523,10.309819
9.758352,9.9804945
9.203636,9.9804945
10.153358,10.240924
9.856516,10.158169
9.776262,9.488048
9.554499,10.181157
9.525271,10.181157
9.355539,8.77663
10.306621,9.966509
8.634729,10.085851
9.755907,10.268166
10.071171,10.134639
10.064825,10.134639
10.057446,10.238709
10.192837,10.269206
9.909656,10.157975
10.392258,11.000248
10.329819,10.491302
9.924759,10.778977
9.755661,10.778977
9.766298,10.695598
10.323837,10.59666
9.81231,10.71444
10.104133,10.819798
8.291529,11.248973
9.866411,10.532123
9.406324,10.628158
9.146649,10.673619
9.783206,10.837245
8.783434,10.758775
8.091446,10.393325
8.248245,10.234265
10.041191,10.504547
8.248245,10.234265
8.258892,10.234265
9.951207,10.555839
9.683912,10.778977
9.42005,10.778977
9.336212,8.7194805
9.354023,8.7194805
9.350841,8.679482
9.92363,10.851296
9.866411,10.463132
10.070202,11.289794
9.959087,10.819798
9.883941,11.002116
9.917845,11.041337
10.184217,10.404293
8.50351,10.8685875
10.014833,10.959558
8.759731,11.082158
10.170254,10.491302
9.1762085,11.002116
10.04516,10.8685875
9.760282,10.8685875
9.19857,10.768506
9.15711,11.294782
9.920114,11.407576
9.878534,10.532123
10.34647,11.082158
10.029654,10.275085
10.133359,10.59666
9.664932,10.959558
9.754711,11.320565
9.770922,10.165891
10.1925,10.819798
9.93217,10.448744
9.700751,10.463132
9.866303,10.532123
9.4521,9.784197
9.558031,9.998843
9.9334345,10.434145
9.754536,10.308986
8.897049,11.184435
9.896328,10.448744
9.449177,9.9804945
10.223294,10.308986
8.244024,10.819798
10.023335,10.257694
8.980051,10.341775
10.285414,10.356186
9.256468,10.768506
10.365256,10.819798
10.186844,10.71444
9.78423,10.1849375
10.052037,10.994084
10.129673,11.041337
10.366903,10.757924
10.023536,10.239996
9.933733,10.829748
10.167992,10.448744
9.2670965,10.165891
10.27301,10.532123
9.978842,10.532123
9.173132,11.338584
10.062363,9.546884
9.945404,10.463132
9.904985,10.341775
9.914313,11.350418
9.881113,10.308986
9.732288,10.71444
9.596407,10.657283
10.392154,10.275085
10.004977,11.320565
10.121912,9.7981825
9.789349,10.239996
9.906622,10.532123
10.206993,11.079077
10.022388,10.389026
9.777061,10.72549
10.150363,10.463132
9.087095,10.59666
10.170755,10.257694
10.210867,10.2036295
10.181558,10.021315
9.549076,11.379406
9.989452,10.126671
10.030358,10.959558
10.171859,9.975855
9.381512,10.657283
9.285013,9.952325
10.315472,10.357775
10.190649,11.366755
9.95571,10.181157
10.147797,10.1849375
9.480883,10.144117
9.595626,11.184435
9.873869,10.021315
10.795689,10.855937
8.95511,10.045031
9.517356,10.657283
10.022347,11.041337
10.241552,9.711176
10.046116,10.950824
10.2736225,10.59666
9.76373,10.045031
10.356415,10.927394
9.77573,10.332702
10.215326,10.532123
9.721041,10.021315
10.492773,11.414221
10.230849,9.575053
9.779292,9.852247
10.299229,10.221977
9.953019,10.275085
9.447745,10.959558
10.123011,10.736419
10.216575,11.141876
10.366862,10.819798
9.857503,10.657283
10.23167,11.373675
9.863018,11.279744
9.890512,11.115443
9.251896,10.717103
9.840703,11.233225
10.084583,10.422311
9.346819,10.518701
9.478933,10.389026
9.917938,11.082158
9.175208,10.532123
9.672689,10.373523
9.218007,10.657283
10.017754,9.878221
10.00551,11.119898
9.324587,10.59666
9.634988,10.389026
8.7717085,10.71444
10.162192,10.002473
9.395002,10.59666
9.848091,10.045031
10.258355,11.184435
9.213511,10.477316
10.000217,11.008164
8.071481,10.959558
9.641341,9.998843
9.94674,10.532123
9.823329,10.768506
10.066871,10.673619
10.254846,10.915107
10.060606,10.221977
9.902702,10.2036295
10.621122,10.71444
10.204689,10.580531
9.637979,11.071642
10.078783,10.532123
9.737371,11.097425
10.125551,9.729194
10.173535,11.338584
8.9222975,10.59666
9.158796,10.257694
10.072763,10.657283
10.189823,10.58661
9.953388,10.768506
10.132019,10.389026
9.314795,11.289794
10.085369,10.064798
9.788065,10.78934
10.06934,9.7981825
10.157789,10.657283
10.053421,10.389026
9.277908,10.915107
9.596266,10.126671
10.148412,10.8685875
10.016207,11.082158
8.651548,10.657283
10.133521,10.532123
9.459929,10.308986
10.422023,10.59666
10.092213,10.959558
9.154587,10.915107
9.5461445,11.002116
9.876426,9.952325
10.071678,9.575053
9.919573,10.239996
9.6303005,10.363472
9.975531,9.9804945
10.091663,10.434145
9.670166,11.097425
10.131439,10.043293
9.384167,10.555839
9.344124,10.341775
10.237467,10.388842
9.962446,10.633472
9.692612,10.021315
10.024572,10.126671
9.47787,10.915107
9.939405,10.8685875
10.011945,10.59666
8.072165,10.2036295
9.79776,10.657283
9.848091,9.958023
9.689586,10.2036295
10.036634,9.757363
9.589159,10.463132
10.207257,10.1849375
9.967505,9.711176
9.845024,10.308986
9.551088,11.042938
10.124753,10.59666
9.981161,10.422311
8.627731,11.289794
9.830126,11.191356
9.827702,10.915107
9.599349,10.064798
9.511352,10.819798
9.158786,10.959558
9.78432,11.264477
10.4282675,10.59666
9.981621,10.308986
10.231552,10.915107
9.782299,10.8685875
9.9842,10.419331
9.027772,11.041337
8.708877,10.915107
9.900345,10.819798
9.974833,10.021315
9.950233,10.71444
9.584061,10.71444
9.56368,10.532123
9.554368,10.463132
9.983723,10.915107
9.879524,10.463132
9.994344,10.1849375
9.184748,10.71444
9.181298,10.341775
8.9850445,10.532123
9.680273,10.673619
10.123523,11.025832
9.820374,10.8685875
10.190952,11.472114
10.082059,10.71444
9.865013,10.463132
9.404682,9.757363
9.969281,10.530521
9.982596,10.530521
9.963754,10.389026
10.40018,10.404293
9.968375,10.021315
10.108459,10.849357
10.246536,10.106469
9.887361,9.811427
8.954786,10.977824
10.0780945,10.308986
9.058527,10.768506
9.8042555,10.915107
9.681715,11.512936
9.969995,11.407576
9.288004,11.407576
9.784728,11.082158
8.725524,11.407576
9.961178,11.156265
8.634417,11.225257
10.459397,11.021919
10.134744,11.156265
10.036346,11.184435
10.565044,11.082158
9.078258,11.082158
10.182676,11.042938
10.121765,10.959558
9.334366,10.8685875
10.386295,10.959558
8.569133,10.915107
9.7253,10.8685875
10.34028,10.915107
10.123529,10.819798
9.907217,10.967939
8.798272,10.768506
8.426166,10.434145
8.427967,10.434145
10.0932255,10.819798
9.507124,10.819798
10.097167,10.71444
9.908718,10.657283
9.95012,10.778977
10.0722,10.558439
10.36114,10.71444
9.75814,10.71444
10.504578,10.657283
9.90226,10.804238
9.9717865,10.456539
10.047852,10.463132
9.789953,10.59666
10.117378,10.532123
9.509431,10.463132
10.779684,10.532123
8.298105,10.221977
10.171141,10.463132
8.70734,10.463132
8.85248,10.257694
9.943605,10.1849375
8.58585,10.221977
8.990572,10.389026
10.14321,10.389026
9.966913,10.325351
10.664768,10.389026
10.121963,10.308986
10.022747,10.308986
10.267235,10.275085
9.81353,10.341775
9.554112,10.275085
10.863333,10.275085
10.138794,10.221977
9.797869,10.221977
10.061467,10.221977
10.139812,10.239996
9.548239,10.221977
10.032179,10.2036295
10.264756,10.043293
9.7207775,10.126671
9.991084,10.165891
10.213251,10.165891
9.655677,9.903538
9.643705,9.903538
9.015045,10.021315
9.437365,10.085851
9.536215,9.952325
9.117544,10.045031
10.443226,9.928229
10.196357,9.928229
9.184691,9.975855
9.068976,9.928229
9.930785,9.998843
10.090614,9.952325
9.184874,9.952325
9.809484,9.729194
8.780921,9.8119755
10.091909,9.903538
9.912687,10.1849375
10.346299,9.903538
10.341713,9.852247
9.947113,9.8119755
10.550622,9.741028
10.049338,9.82558
9.986155,9.7981825
9.900576,9.711176
10.172174,9.741028
9.836894,9.761405
9.768817,9.755626
10.122776,9.64866
8.937263,9.711176
10.118093,9.581973
9.990425,9.546884
9.821022,9.472781
9.954434,9.392745
10.246256,10.167427
10.285372,10.167427
9.747488,9.392745
10.045543,8.699681
9.789631,9.639587
9.426494,9.862718
10.105093,9.506065
10.239278,9.639587
9.535845,9.862718
10.01849,9.757363
10.111338,9.862718
9.267845,9.431963
10.015213,9.392745
10.089893,10.555839
9.965351,9.639587
9.869253,9.351927
10.261729,9.862718
10.1277275,9.757363
9.568244,9.862718
9.997541,9.700208
8.831995,9.862718
9.132388,9.862718
10.069531,9.639587
10.106177,9.862718
9.641132,9.862718
9.707274,9.639587
8.807749,9.862718
10.114183,9.169622
10.196099,9.169622
9.96563,10.422311
10.071173,9.862718
9.93909,8.812992
8.59993,9.729194
9.771744,9.700208
10.155954,9.862718
9.58163,9.862718
9.87766,9.431963
10.084722,9.862718
10.058332,9.639587
10.173421,9.218408
10.143297,9.639587
10.194078,9.862718
10.067874,9.506065
10.051775,9.862718
10.113752,9.639587
10.094795,9.862718
9.871862,9.506065
9.971094,9.757363
10.138171,9.639587
10.028793,9.639587
10.200616,9.392745
9.95313,9.729194
9.540506,9.862718
9.953882,9.729194
10.125839,9.392745
9.957048,9.862718
9.964897,9.9804945
9.9186,9.729194
9.9409485,9.169622
10.027216,9.264923
10.081068,9.639587
10.170449,8.946505
10.053314,9.351927
10.009575,9.757363
9.795897,10.2036295
10.146563,11.461642
10.090736,11.225257
10.171022,11.289794
10.155655,11.320565
9.73537,11.338584
10.188261,11.191356
10.041252,11.248973
10.305693,10.959558
9.958569,10.993749
10.316584,11.115443
10.259951,10.910551
10.658039,10.8685875
10.431898,10.915107
10.348232,10.8685875
10.042454,10.915107
10.155422,10.907807
10.171954,10.851296
10.104231,10.8685875
10.193125,10.915107
10.060497,10.915107
10.170837,10.819798
9.850993,10.915107
10.3562565,10.819798
9.559072,10.819798
10.32357,10.819798
10.477468,10.819798
9.677425,10.819798
10.420877,10.899089
10.441932,10.736419
10.243933,10.691968
10.392269,10.757924
10.003386,10.126671
10.190053,10.768506
10.194182,10.657283
10.240107,10.59666
10.1844015,10.71444
10.282285,10.71444
10.142092,10.558439
10.252191,10.668979
10.294213,10.778977
10.121149,10.571342
10.050944,10.72549
10.4894905,10.680539
10.1098175,10.72549
9.940145,10.633472
10.256443,10.633472
10.100682,10.59666
10.133164,10.59666
10.085999,10.657283
10.261253,10.558439
10.1723175,10.532123
10.033996,10.021315
9.855776,10.021315
10.303968,10.59666
10.256739,10.59666
10.30352,10.59666
10.566782,10.657283
10.125963,10.633472
10.094914,10.657283
10.250507,10.59666
10.223923,10.609082
10.269257,10.540196
10.181799,10.59666
10.111759,10.463132
10.16011,10.532123
10.101696,10.532123
10.190706,10.532123
10.014492,10.532123
9.8178835,10.532123
9.782518,10.532123
10.084942,10.518701
10.18415,10.532123
10.294548,10.463132
10.066944,10.448744
10.199766,10.463132
10.370207,10.436202
9.977236,10.491302
9.70585,10.463132
10.0709,10.357775
10.0482855,10.389026
10.437679,10.308986
10.213348,10.357775
10.378334,10.463132
9.9219,10.289973
10.283123,10.434145
10.111528,10.463132
9.996838,10.308986
10.419539,10.389026
10.126128,10.389026
10.129088,10.308986
9.917006,10.308986
10.084208,10.330225
10.055423,10.308986
10.1109495,10.325515
10.230093,10.373523
10.239255,10.308986
10.211283,10.389026
10.107782,10.47788
10.353811,10.126671
10.218468,10.308986
9.97053,10.126671
10.368315,10.275085
10.10173,10.221977
10.014609,10.221977
10.217088,10.221977
10.169165,10.308986
10.200668,10.308986
10.218079,10.221977
10.143696,10.239996
10.14661,10.221977
10.373649,10.1849375
10.225185,10.106469
10.117844,10.126671
10.040401,10.126671
10.29361,10.146473
10.121414,10.221977
10.154223,10.2036295
10.251861,10.153506
9.530577,10.085851
10.296044,10.126671
10.050738,10.126671
10.255782,10.126671
10.354393,9.952325
10.137492,10.021315
9.961275,10.099629
9.946937,10.099629
10.1125965,10.064798
10.432672,10.065649
10.064856,10.12507
10.127554,10.064798
10.164774,10.043293
10.1017685,9.841665
10.093785,9.685393
10.1381645,9.64866
10.034148,9.350189
10.137601,10.085851
10.343771,10.463132
10.152507,10.680539
10.137512,10.915107
10.069507,11.115443
9.856571,10.874286
9.471706,11.338584
9.994214,10.758775
9.889544,10.961295
9.901476,10.961295
10.122942,11.264477
10.018534,11.233225
10.04052,11.279744
9.992559,10.819798
10.118036,11.264477
9.996589,10.221977
10.1249075,10.59666
9.967964,10.389026
10.181215,9.741028
10.17061,10.363472
10.005348,10.275085
10.2054405,10.393325
10.106379,11.350418
10.563051,11.496806
10.310162,11.496806
10.220753,10.165891
10.250349,10.126671
10.175615,10.71444
10.194128,10.463132
9.989206,9.770013
10.086467,10.463132
10.120071,10.221977
10.142277,10.021315
10.167737,10.71444
10.161926,10.021315
9.978627,9.770013
10.041967,10.021315
9.996685,10.221977
10.014156,10.463132
10.1462965,10.221977
9.922964,9.770013
9.912146,9.770013
9.8855,10.221977
9.824939,10.021315
9.761579,10.221977
10.063434,10.021315
9.7127075,9.770013
10.050505,10.221977
10.179832,10.221977
10.282816,10.021315
10.165361,9.770013
10.159775,9.770013
10.135294,10.221977
9.951641,9.770013
10.052466,9.770013
9.917192,9.770013
10.050422,10.021315
10.128981,10.021315
9.437189,10.021315
10.15545,10.819798
10.314249,9.741028
10.130286,11.350418
8.760502,11.350418
10.004914,10.357775
9.707588,11.472114
10.200521,11.082158
10.134385,10.532123
10.164832,10.71444
10.0478325,10.819798
10.069212,11.002116
9.607536,11.225257
9.4778595,11.184435
9.980111,9.564583
10.061317,9.770013
9.464804,10.738156
10.08721,10.308986
10.1321945,9.998843
10.364695,9.4844055
10.086821,9.506065
9.768652,10.758775
9.4698105,10.651147
10.20442,9.636457
10.05029,10.71444
10.086524,10.199175
9.810888,10.373523
9.938665,10.914888
10.086524,10.199175
9.851271,10.837245
10.170683,10.818197
9.3986845,10.27846
8.103274,10.393325
9.879632,10.199175
10.037338,10.994084
9.9388275,10.434145
9.380127,11.248973
10.029729,11.248973
10.050133,11.512936
9.876431,10.819798
10.25561,10.043293
9.700718,9.7981825
10.433389,10.915107
9.513767,10.915107
10.135233,10.915107
8.3426285,10.915107
8.911458,10.915107
10.216482,11.002116
8.91876,10.819798
10.098795,10.71444
8.56472,10.71444
9.081974,10.71444
9.363853,10.59666
8.545308,10.71444
8.881554,10.657283
9.863816,10.72549
9.02767,10.633472
9.0857315,10.633472
9.284674,10.532123
9.835096,10.518701
9.963596,10.434145
10.195069,10.59666
10.088785,10.532123
9.768397,10.491302
10.016664,10.518701
9.913789,10.434145
10.320853,10.308986
9.185573,10.325515
8.760439,10.257694
10.082766,10.341775
10.2666025,10.221977
10.027084,10.308986
10.078071,10.2036295
10.101008,10.193728
9.344546,10.043293
10.170653,10.021315
10.163245,10.021315
9.004564,10.021315
9.769293,9.998843
9.789122,9.998843
10.1175585,9.407797
9.971107,10.584082
10.007027,10.308986
10.075884,10.341775
10.077087,9.928229
9.380245,10.71444
10.123967,10.126671
9.004158,10.389026
10.004503,9.903538
10.228661,9.928229
10.208399,10.896758
9.955464,10.993749
10.007411,10.915107
9.97949,11.608245
10.233367,11.407576
9.216315,11.512936
9.908427,11.512936
10.114883,10.043293
10.106204,10.509169
10.034729,10.363472
9.726535,9.64866
10.127417,10.064798
9.927105,10.579768
9.978663,10.308986
9.388934,10.673619
10.304131,10.239996
10.368133,10.933125
10.0536,11.156265
9.605,10.558439
10.165016,10.504547
10.371052,9.852247
9.399043,9.792612
9.931779,11.512936
8.315116,11.302217
9.517167,9.615872
9.553484,9.615872
9.348444,9.903538
9.376736,9.852247
10.420038,10.59666
10.139022,8.518592
10.042442,10.034559
10.01723,10.308986
10.178783,10.034559
10.114075,9.65509
9.120166,10.034559
10.067686,10.034559
9.069816,10.034559
10.175808,10.034559
9.95977,10.034559
10.048056,10.034559
10.034365,10.034559
9.069765,10.034559
10.17807,10.034559
10.0746565,10.034559
10.176717,10.657283
